Unnamed: 0,rating,review,date,userName,title,quarter,year
30,2,마블 픽사 넷지오 보려고 구독한거긴 한데 그렇다고 해도 콘텐츠가 너무 빈약하네요;; 앱 UI도 너무 별로예요. 백그라운드 재생도 안되고 터치잠금버튼도 없고 장르별 카테고리 정리도 제대로 안되어있고 연관된 키워드로 검색도 안되고 . 오역도 너무 많아요. 번역같은거 둔감한 편인데도 거슬릴 정도로 오역이나 오탈자가 많아요. 혹시 그 가망없는 분이 번역하는건지.. 왓챠는 커녕 쿠팡플레이에도 한참 딸려요. 도대체 소비자 리뷰를 보긴 하는건지 개선할 생각이 있긴 한지 잘 모르겠네요.,2022-04-01 01:57:33,kim자몽,,2022/2Q,2022
260,5,아직 아무것도 안봤구해서요 ㅜ 환불부탁드려요ㅠㅠ,2022-04-01 03:10:29,천서진와이프,이번달 결제됐는데 환불 가능한가요,2022/2Q,2022
399,1,"정말아쉽습니다 특히 키즈 부분 자동종료없음이나 스킵, 이어재생 등이 왜없는지요 ㅠ",2022-04-01 07:48:58,Troo Torm,,2022/2Q,2022
3446,5,ㆍㆍㆍ?,2022-04-01 11:41:57,송승환,,2022/2Q,2022
150,1,"방에 있는 티비로 주로 보는데요. 다른 OTT 앱 보다 늦게 출시해놓고 이렇게 앱기반을 이렇게 불편하게 만들었다는점이 매우 실망 스럽고 이용할때마다 짜증나서 넷플릭스를 켜게되네요. 
일일이 클릭해야 큰화면으로 어떤 영화인지 확인이 가능한점. 장르별로 볼려고 해도 방향키로는 이동이 어렵고 일일이 클릭해야 하는점. 
1년 구독이라 이용은 하고 있으나 후회되고 구독이 종료되는 시점에도 이런 상태라면 재구독은 안할 듯 합니다.",2022-04-01 12:28:51,tienskyh,늦게 출시했으면서 앱이 엉망 징창,2022/2Q,2022
1228,1,별 하나도 아까울 정도임 한국이 만만하냐 디즈니? 배속도 구려 자막도 구려 다른 나라랑 회차 올라오는것도 차별해 다른나라에는 올라오는거 한국은 안올려주고 기다리게 하고 그런다고 구독 해지 안할거 같음? 정신 똑바로 차려 이 각박한 세상 속에서. 니들이 마블 빼고 뭐가 잘나서 배짱 장사야 한국 진출 완전 준비 된것처럼 홍보 하더니 까보니까 뭣도 없어 니들이 구독자가 빨리 떨어지는 이유가 다 있는거야 이럴거면 한국 사업 접어 마블말고는 뭣도 없는 주제에 사용하면서 개빡치게 만들거면 접으라고!,2022-04-01 14:40:12,안서하,,2022/2Q,2022
1452,1,볼게 너무없어요 드라마좀 더 추가해주세요,2022-04-01 16:33:51,김예성,,2022/2Q,2022
796,2,자막은 왤케 자주 씹혀서 나오는지 원... 첨엔 그러려니 하고 봤는데 점점 심하네요 크기도 쥐콩만하고.....,2022-04-01 21:11:32,GiSeon Hong,,2022/2Q,2022
1734,2,짜증나는게 마블을 좋아햐서 앱 자체는 좋은데 구글 계정에 돈이 있어가지고 그걸 쓸려고 하는데 그 계정으로 로그인을 해도 결제수단은 따른 계정으로 하는게 말이 되나요? 중딩이라 돈도 없는데,2022-04-02 03:02:08,박지성,,2022/2Q,2022
20,1,스트리밍만 이용하면 문제 없으나 시즌 다운로드를 하면 저장 중에 앱이 먹통이 됩니다. 동영상 재생도 안되고 앱을 나갔다가 들어오면 맞는 비밀번호를 입력해도 틀렸다고 하고. 무조건 어플을 삭제했다가 다시 설치해야 다시 작동 됩니다. 갤럭시 s10 모델이고 소프트웨어 최신으로 다 유지하는데도 그럽니다. 개선 바랍니다.,2022-04-02 08:46:38,김영하,,2022/2Q,2022
1765,2,V50사용하는데 갑자기 안들어가져요,2022-04-02 09:09:45,최원영,,2022/2Q,2022
29,1,앱이 안 들어가져요.. 3일째.. 돈을 냈는데 보지를 못해요.. 갤 노트20 울트라 사용중입니다. 어플 실행하면 시작화면에서 멈추고.. 조금 더 기다리면 응답없다고 알아서 강제 종료돼요; 지웠다가 다시 깔았다가 몇 번을 반복했는지 모르겠어요 LTE에서도 깔아보고 와이파이에서도 깔아봐도 안 돼요..^^,2022-04-02 10:14:42,최곤,,2022/2Q,2022
465,3,컨텐츠도 뭔가 부족하고 창모드 지원 안되는것도 그렇고 여러모로 아쉬움,2022-04-02 14:12:46,콰콰쾅,,2022/2Q,2022
3123,5,GOOD,2022-04-02 22:31:51,윤선화,,2022/2Q,2022
339,2,"모든 서비스는 훌륭하지만 자막이 에러입니다. 여성 출연자들은 존댓말, 남성 출연자들은 반말을 쓰고있네요. 어떤 상황에 놓이든 똑같으니 세계적인 디즈니지만 이런건 별로 세계적이지 않고 트랜드를 따라가지도 못 하네요. 많이 실망했습니다. 다음에 구독할지 어떨지 모르겠네요",2022-04-03 00:36:10,Lea Hwang,,2022/2Q,2022
466,1,설정어디로들어가나요.잘못눌러 키즈 들어갔는데 키즈에서 빠져나올수없네요,2022-04-03 10:29:28,강영찬,,2022/2Q,2022
1770,1,들어가지지를 않음ㅡㅡ,2022-04-03 21:53:01,전미하,,2022/2Q,2022
332,1,별하나가 아깝네요. 지웟다 깔기를 몇번해도 한 삼초플레이되다 버퍼링이 반복이네요ㅠ,2022-04-03 22:47:15,로블록스엘미&룰라,,2022/2Q,2022
709,1,"어플 첫화면에서 멈춤 .몇일째인데,제설치도 해봤으나.",2022-04-04 10:25:01,HyeonHo Kim,,2022/2Q,2022
947,3,I enjoy programs on Disney+ very much but I am sorry that the app interface is not convenient. And the response is very slow.  It has much to improve. Disney should learn from Netflix.,2022-04-04 10:35:32,topspin444,App is heavy and inconvenient,2022/2Q,2022
2405,3,배속좀 추가해주세요!!!,2022-04-04 16:24:07,박혜련,,2022/2Q,2022
230,1,"다큐좀 보려고 했더니 자막 상태가 노답임. 숫자,단위 나오는 자막은 다 망가져있고 은,는,이,가 빼먹고 쓰는 게 무슨 한국말 배우다 만 외국인이 번역기 돌려가면서 만든 거 같음.",2022-04-04 21:27:11,안주,,2022/2Q,2022
714,4,다른 ott에 비해 기능성이 떨어지지만 그렇게 불편하지는 않아요,2022-04-05 12:13:03,권로또,,2022/2Q,2022
341,1,이틀째 먹통이네요. ㅡ.ㅡ 돈내고 스트레스 받네요 삭제했다가 다시 깔았는데도 로딩단계에서 막히네요,2022-04-05 15:13:41,이민희,,2022/2Q,2022
331,1,재생속도 배속도 없고 작은화면 자막크기 설정 다 없네요,2022-04-05 19:14:50,김상민,,2022/2Q,2022
2382,4,타서비스비해 보기가 불편합니다,2022-04-05 21:03:15,이지원,,2022/2Q,2022
601,2,"일단 시청 중인 컨텐츠 정리하는 게 불편합니다. 중간에 보다가 재미 없고 이러면 끄고 ‘시청 중인 컨텐츠’ 줄에서 지워버리고 싶은데 꼭 끝까지 재생이 되어야 지워지더라고요. 그냥 삭제할 수 있게 만들어주세요. 

또 불필요한 장면을 넘기고 싶을 때 넘기는 방식이 너무 불편합니다. TV로 볼 때요. 타이밍 맞춰서 멈춰야 하더라고요? 

자막이나 영상배속 등 아직 개선점이 많은 것 같습니다. 
개선 부탁드려요.",2022-04-06 08:49:37,🎗🇰🇷🎗,사소하게 불편한 게 거슬려요.,2022/2Q,2022
928,5,Good,2022-04-06 11:29:57,kiki2510,정말 좋아요,2022/2Q,2022
595,2,난 마블 볼라고 결재 했는데 없는 컨텐츠가 좀 있네 팔콘 왜 없음??,2022-04-06 11:37:58,ㅗ러항,한국 무시함?,2022/2Q,2022
1630,1,연간멤버쉽 환불받으려했더니 디즈니는 구글에 문의하라하고 구글은 환불 불가라고하네ㅋㅋㅋ 볼것도없는데 괜히했네,2022-04-06 12:40:57,그도빠,,2022/2Q,2022
1168,1,백색소음처럼 소리 줄여놓고 켜놓는데 어느 순간 조용해서 보면 멈춰있음 한 네다섯개정도만 자동재생되고 멈ㅋ춤ㅋ 이게 과연 자동재생일까 한도재생이겠죠? 사용자의 미디어 시청 시간을 조절해주려는 깊은 의미일까요ㅋ 오프닝 건너뛰기도 일일이 눌러줘야되고 재생모드가 여러모로 자잘한것들이 모여 묘하게 계속 신경써야해서 피곤하게 함 컨텐츠도 기대만큼은 아닌데다 앱 한국 개시한지 아마 한 6개월쯤 된거 같은데 초기부터 재생모드가 하나도 변한게 없음 불편을 말하는 후기들이 계속 쌓이는데도 이 정도면 앱을 더이상 손 댈 의지자체가 없다고 봐야 될거같음 1년 결제하고 쓴지 한달만에 아 이건 1년짜리 결제할게 아니였던것 같은데가 이제 확신으로 변함 연장은 안하는걸로 카드 결제정보 빼야겠네,2022-04-06 18:33:27,이진진,,2022/2Q,2022
1827,1,별로..볼게없어요,2022-04-07 05:01:08,박은경,,2022/2Q,2022
414,3,잘나오다가 갑자기 안되네요 :::,2022-04-07 06:11:32,아이패드미니4사용자,아이패드미니4 재생이 안됩니다,2022/2Q,2022
212,1,도대체 왜 배속이나 밝기조절 같은 간단한 기능을 넣을 생각을 안하는지 궁금합니다 심플함을 추구하는거면 소비자가 원할시에 추가할 수 있는 기능도 만들어놨어야죠 도대체 왜이렇게 불편하게 만들어 놓은건가요? 이해가 안가네요,2022-04-07 06:22:21,황인진,,2022/2Q,2022
1760,1,왜 BD출시 중지한다는거야,2022-04-07 18:40:39,감자풀,,2022/2Q,2022
1246,5,재생도 잘되고 좋네여,2022-04-07 20:03:51,엘즈,,2022/2Q,2022
1411,3,성인 콘텐츠는 재생이 안되고 나가지네요 인증이 필요하면 인증화면이 나오던가 해야죠,2022-04-07 23:55:13,한훈,,2022/2Q,2022
1305,1,시청할만한 것이 너무 없다...,2022-04-08 04:35:46,LuckY Man,,2022/2Q,2022
781,1,자막 개선 절대 안해줌,2022-04-08 04:45:29,화난 열대야,최악의 어플 절대 결제하지마세요,2022/2Q,2022
443,3,보고싶었던게 많아서 좋은데 자잘한 오류가 너무 많아서 너무 불편해요,2022-04-08 08:06:39,Remnanr.AR,볼거리는 많은데 오류가 더 많아요,2022/2Q,2022
1929,1,삼성 영어밖에 없네여 기업 차별이에여,2022-04-09 00:34:16,김민준,,2022/2Q,2022
74,3,초반이라 배속이 지원되지않는건줄 알았는데 바뀌질 않네요 아무리 보고싶었던게 많은 디즈니지만 이렇게 불편하면 다시 생각해보게 되네요 ㅠㅠㅠ 배속이랑 자막 좀 해결해주세요.. 그리고 시리즈가 다 일주일에 한번 업뎃이라 기다리다 지치는게 큰 단점같아요.. 한국인이 가장 힘들어하는..,2022-04-09 04:54:54,다우로러옹,제발 배속좀 만들어주세요,2022/2Q,2022
28,2,"다른 플랫폼에 있을 가장 일반적인 기능조차 없는게 불편하네요.. 자막까진 지 휴대폰 설정으로 바꿀 수 있으니 그렇다쳐도 백그라운드 재생, 다음화 자동재생, 잠금화면 불가능 등등 디즈니에 제가 좋아하는 장르가 많아서 보는거지 이게 아니면 이용할 가치를 못느끼겠습니다. 차차 고쳐주실거라 믿지만 지금은 정말 불편합니다.",2022-04-09 09:36:27,멍뭉이,,2022/2Q,2022
2473,5,디즈니팬으로서 좋아요!,2022-04-09 16:51:30,Yurim Seo,,2022/2Q,2022
340,4,"디즈니 , 픽사 등등 여러가지 영화를 볼 수 있는 좋은 앱입니다. 하지만 귀멸의 칼날은 없더군요.. 추가해 주시면 감사하겠습니다.",2022-04-09 18:51:41,카나canaTV,,2022/2Q,2022
1861,1,만 12세라면서 오류 코드 같은거 떠요,2022-04-09 21:54:05,jeong han wol,,2022/2Q,2022
632,2,배속 재생이 없어 너무 불편합니다. 빨리 Update해주시기 바랍니다.,2022-04-09 23:11:39,S7PAD LEE,,2022/2Q,2022
376,4,배속기능이 없어서 아쉽습니다 빨리 생겼으면 좋겠습니다,2022-04-10 01:03:22,뇽냥뇽냥용,다 좋고 만족스러운데,2022/2Q,2022
41,3,"아직도 재생할 때 별다른 기능이 없는 건 별로네요. 넷플처럼 재생할 때 재생바 아래에 배속이나 자막설정, 회차목록 등은 있어야 한다고 생각합니다. 특히 다음이나 전 회차로 넘어가기!!! 이거 없는 거 불편하고요. 그리고 연속재생해뒀는데 오류가 자꾸 나서 목록으로 돌아가고 그마저도 바로 되면 좋은데 재생을 눌러도 재생이 안돼서 계속 백그라운드에서 취소시키고 다시 앱을 재생해야 돼서 불편해요ㅜ 좋은 마블 시리즈 계속 내주세요",2022-04-10 10:02:39,로지한테일러,런칭한 지 그래도 좀 됐는데,2022/2Q,2022
1035,1,제가 지금 2번 결제됐는데 결제는 안되었다고 뜨네요. 이거 돈은 2번 나갔는데 복구 가능하신가요??,2022-04-10 12:21:54,유하,,2022/2Q,2022
670,1,한번볼까 구독했더니 하루조일 로딩중이내 결국 결제 두번하고 맨붕중~~~ 써비스 접어라!,2022-04-10 12:25:20,무사고100년,,2022/2Q,2022
3119,5,꾸르잼,2022-04-10 21:46:15,정뭉크,,2022/2Q,2022
587,1,정기결제 취소했는데 결제 돈이 나갔어요. 환불요청 했는데 환불은 안해주고 정기결제 끝났으니까 구독은 끝낫다? 뭐여 내 돈 내놔,2022-04-11 11:02:14,멘붕,,2022/2Q,2022
102,1,"85인치 삼성 mini led tv, 엑스박스시리즈엑스, 아이폰12프로, 아이패드 프로11인치, 안드로이드셋탑박스에서 앱 설치하고 모두 다 테스트 해 봤습니다. 4k hdr 컨텐츠가 비 정상적으로 어둡습니다. 참고로 넷플릭스, 유튜브 4k hdr컨텐츠는 눈 부시도록 밝게 잘 나옵니다. 도대체 왜 이런가요? 아니 너무 어두워서 볼 수가 없어요. 보려면 중간 밝기 최대, 암부 밝기 최대로 올려야 해서 왜곡된 영상 봐야 됩니다. 아니 돈 받고 서비스 하면서 왜 이런겁니까?? 불 다꺼진 암실에서 봐야 하나요?",2022-04-11 13:48:14,RoexKains,밝기가 왜 이런가요? 왜 이렇게 어둡나요? 심각합니다.,2022/2Q,2022
1872,1,유튜브처럼 자막 설정기능이 왜없죠? 너무작아서 못보겠어요,2022-04-11 18:20:55,완두콩,,2022/2Q,2022
311,1,배속기능없음. 그나막 10초당기기도 로딩걸리고 화질잠시 구려짐.. 돈벌고싶으면 더 준비좀하고 나오지..,2022-04-11 22:13:29,장율,,2022/2Q,2022
838,1,NO EXIT 영화 재생이 되지 않습니다.,2022-04-12 03:48:45,나는ㅋㅋㅋ,영상이 재생이 되지 않습니다.,2022/2Q,2022
311,4,성인 인증할때 아이패드에서 키보드가 안나오네요.. 출구는 없다 보려구했는데…,2022-04-12 15:22:41,썬J,컨텐츠 많고 좋으나,2022/2Q,2022
321,2,취소 환불이 바로바로 안되는데 이건 심각하게 문제네요. 결제하고 바로 취소했는데 취소 환불이 안되는건 정말 심각합니다.,2022-04-12 19:13:42,정미영,,2022/2Q,2022
1057,1,한달만 보려고 결제후 맴버쉽 바로 혜지했는데 5개월간 계속 돈이 나갔네?,2022-04-13 06:32:16,네임닉,,2022/2Q,2022
1759,1,왜 실행이 안되노,2022-04-13 06:57:16,김영주,,2022/2Q,2022
538,3,다른거는 괜찮은데 보고 있는 리스트 삭제 기능좀 넣어주세요,2022-04-13 07:30:46,소고쿠,다 좋은데 보고 있는 리스트 삭제 기능좀,2022/2Q,2022
1466,1,문나이트가 목록에서 갑자기 사라졌어요,2022-04-13 17:11:28,행복이,,2022/2Q,2022
566,5,콘텐츠자체는 너무 너무 좋은데 제가 요금제를 바꿔서ㅜㅜ 넘 비싸요 담에 이용하겠습니다.^^ddd,2022-04-13 19:02:25,Han Na An,,2022/2Q,2022
1229,3,왜문나이트가안뜨죠? 3화기다리구있는데 문나이트가왜 안보이나요?,2022-04-13 19:09:17,정성욱,,2022/2Q,2022
2690,1,졸라 불편함,2022-04-13 22:00:03,이피셔맨,,2022/2Q,2022
2714,5,안됨그니너도재밌어,2022-04-13 22:42:42,박근철,,2022/2Q,2022
408,3,"컨텐츠는 흥미로운데, 크롬캐스트로 티비로 연결하면 자막이 너무 작아서 볼 수가 없어요.",2022-04-13 22:57:23,린드말,자막이 너무 작아요,2022/2Q,2022
1275,1,자막이 엉망 번역한 사람 만나고 싶을정도 욕하려고,2022-04-13 22:57:56,앨리스샤로,,2022/2Q,2022
234,1,"팝업창으로 보기, 배속 설정이 안되요. 내가 못찾은건가 했는데 검색해보니 기능이 없네요. 휴대폰으로 볼때는 아무것도 못하고 이것만 봐야돼요😱",2022-04-14 03:35:59,HK Suh,,2022/2Q,2022
815,1,구독을 하기전에 앱을 둘러볼수도 없으니 이건뭐 무조건 돈부터 내고 보라는식이네요,2022-04-14 09:07:29,이병엽,,2022/2Q,2022
1234,2,"솔직히 처음에 디즈니 플러스가 국내에서 정식 서비스를 한다고 했을땐, 각종 마블 컨텐츠를 여기서 젤 먼저 볼 수 있을줄 알아서 였는데 여기가 젤 늦게 올라오는 듯하네요.",2022-04-14 12:19:27,Dong Sue Lee,,2022/2Q,2022
25,4,"다른 플레이어에서 익숙해져버려 디즈니플러스 사용시에 불편하게 느껴지는 점들이 있습니다. - 배속기능 -화면에서 음량과 밝기 조절 - 더 민감한 건너뛰기 기능 - 다음화 자동재생 기능 -오프닝,엔딩 건너뛰기 위 사항들이라도 업데이트 되면 디즈니플러스의 질높은 컨텐츠를 더 많은 사람들이 편하게 누릴 수 있을 것 같습니다. 빠른 업데이트 부탁드립니다.",2022-04-14 22:02:31,여김하영,,2022/2Q,2022
2341,1,아직까지 모르겠습니다,2022-04-15 00:35:46,박길선,,2022/2Q,2022
626,3,카드가 사용불가라고 떠요 도와주세요 월마다 내는거 선택할려 했는데 농협카드도 다른카드도 사용불가라고 뜹니다 돈도 충분히 들어있고요 토스로 연결 해볼려했지만 그마저도 안된다고 뜹니다 제발 도와주세요 보고싶은게 많은데...ㅜㅜ,2022-04-15 11:55:50,새우튀김,,2022/2Q,2022
796,2,"배속 기능 넣어주세요. 
화면 밝기, 음량 제스쳐 넣어주세요",2022-04-15 14:42:44,Immatureguy,배속 넣어달라..,2022/2Q,2022
3116,2,패밀리가이 올려주세요!!!!!!!!!! Upload family guy plzzzzzzz,2022-04-15 17:23:14,김신영,,2022/2Q,2022
2711,2,명화너무제밌어요^^,2022-04-15 20:28:27,АГА Ага,,2022/2Q,2022
585,1,다운로드가 극악으로 느림 왓차처럼 한영 동시 자막 없음 컨텐츠 부족 검색시 카테고리처럼 나뉘어 있지도 않음,2022-04-15 21:32:08,신범수,,2022/2Q,2022
1591,1,무한로딩으로 앱실행조차 안됨,2022-04-15 22:06:23,안이름,,2022/2Q,2022
572,4,컨텐츠가 아직 많이 부족한거 같습니다,2022-04-16 07:01:00,부릉부릉 갱식,좋긴한데,2022/2Q,2022
2267,3,볼만한게 많다,2022-04-16 09:23:24,HS LIM,,2022/2Q,2022
1942,3,다 좋은데...문나이트가 사라졌어요 뭐죠? 저 혼자 사라졌나요..?,2022-04-16 10:53:19,하루,,2022/2Q,2022
1239,1,"뭔냠,,,, 화면 계속 끊기구 뭐 이런 서비스 정신이라고는 ,,, 정이안간다. 그냥 보고싶으면 쳐봐라???? 한국이 개 호구냐?",2022-04-16 11:30:26,애몽이,,2022/2Q,2022
1307,2,1.5 배속 기능좀 넣어주셔요!,2022-04-16 17:44:30,Daniel Lim,,2022/2Q,2022
794,3,제곧내,2022-04-17 00:34:41,에혀ㅑ,배속재생가능케해주세요,2022/2Q,2022
138,1,"삼성 노트북으로 시청할때 일시정지>다시 재생하면 목소리 사운드가 정상적으로 작동안해요 ㅠ 배경음,효과음만 들리고 목소리 안나오면 다시 뒤로갔다 들어오면 되는데 요즘엔 그조차도 안돼서 여러번 껐다 켜야 작동하네요 ㅠ 똑같이 삼성노트북으로 넷플릭스 티빙 쿠팡플레이 정상적으로 실행되는데 디즈니 기대한것보다 플랫폼이 불안정해서 진짜 별로네요 ㅠ",2022-04-17 07:42:06,minhgming,오류 너무 심함 ㅠ,2022/2Q,2022
3114,5,XXERDdws~○RDELGTSR÷s@@×@ wEawww,2022-04-17 14:06:06,백길현,,2022/2Q,2022
3122,5,good,2022-04-17 14:48:54,YEONJOONG JUNG,,2022/2Q,2022
491,4,"배속 기능 주세요,,,,배속 기능 ,,,,ㅜㅜㅜㅜㅜ부탁드립니당,,, 덱스터도 보고싶어여,,,,,",2022-04-17 15:41:57,에벱오ㅗㄴㄴ비욘세,"배속 기능 주세요,,,제발",2022/2Q,2022
3118,1,렉이너무걸려 😠💢💢💢💢💢😠,2022-04-17 19:25:15,장문희,,2022/2Q,2022
297,1,앱 잘 되다가 어느순간 갑자기 무한 로딩이 되면서 앱이 안들어가짐 삭제했다가 다시 받아도 안됨 나만 그런것도 아닌거 같은데 대체 왜이러는건지,2022-04-17 21:14:27,IJU,,2022/2Q,2022
421,1,tv 어플은 오류 투성이 휴대폰 어플은 밝기 조절도 어플 자체로 안되는 폐기물,2022-04-17 22:15:39,-서현,,2022/2Q,2022
429,2,잘 나오다 중강중간 검은화면으로 되면서 영상 안나옵니다,2022-04-18 02:58:51,홍현철,,2022/2Q,2022
1111,5,역시 디즈니라서 콘텐츠가 압도적으로 많아요!,2022-04-18 07:05:55,신정호 HO,,2022/2Q,2022
261,4,"제발 화면 잠금기능, 시리즈 연속 플레이 기능, 어플 내 별도 화면 밝기조절 기능 좀 만들어주세요!",2022-04-18 08:54:52,SUN,,2022/2Q,2022
254,1,자막 갑자기 사라지는거 아직도 안고쳐짐ㅋㅋ 화면 넘기는거 빨리감기 개불편 다른 회차 보려면 뒤로간다음 회차 선택 해야함 편의성 개구린데 고칠 생각을 안하네,2022-04-18 11:48:31,Taeyang Lee,,2022/2Q,2022
1108,1,자막 왜 이렇게 됐어?? 크롬쓰면 불법이냐?? 똑같이 돈 내고 내 티비로 크게 보려는게 죄냐?? 예전에 있던 설정창도 없어지고!! 눈아파 죽겄다,2022-04-19 05:17:09,성영석,,2022/2Q,2022
275,1,걍 휴식용으로 보고싶은데 계속 pc적으로 가르치려들고 하는 느낌이 강해서 피곤함. 1달구독후 취소함. 앱 ui는깔끔. 한국에서 안봐지는것들이 많아 유료 vpn사용후 봤었음.,2022-04-19 06:26:14,어두아닉 러어룩우라,프로파간다가 넘쳐남.,2022/2Q,2022
3117,5,좋아요,2022-04-19 16:24:09,노우수,,2022/2Q,2022
690,1,영상 자꾸 끊겨서 짜증나요 영화 한편보는데 수십번 버벅이고 끊기는듯,2022-04-19 17:23:52,앙투아네트포지티브쉐르,영상이 자꾸 끊김,2022/2Q,2022
18,1,"어플 개선 요청 지금까지 봤던 모든 어플중 가장 최악입니다 정~~~말 불편합니다 하다못해 중국어플보다 못함.. 정말 딱 기본만 넣었나봄 1. 세로모드 지원되지 않음 - 세로로 봐야할때도 있습니다. 근데 가로만 지원되는군요 2. 다른 어플위 재생 (팝업모드) 영상보다가 문자보려면 끊고 봐야함 이게 제일 불편함 3. 재생 중 화면밝기 및 음량, 재생속도 조절불가 - 재생속도 불가할 수 있습니다 음량 버튼으로 하죠 근데 화면 밝기는 핸드폰 시스템으로 변경해야하는건 굉장히 불편하네요. 4. 영상재생중 다른 회차 검색 불가 다른 회차 보려면 영상 끊고 뒤로가기 누르고 찾아야함 5. 장르검색 불가- 뭐 이런 어플이 있나싶은.. 장르검색불가로 드라마 치면 제목이 드라마인것만 호러 치면 제목에 나오는것만 나옵니다. .. 뭐 이런 대충 만든 어플이 다 있습니까! 개발자 노는가봄 다른 어플좀 써보고 만들지 유료로 쓰는데 불편함 참고 써야함.. 정말 오리지날만 아니면 안 쓰고 싶습니다",2022-04-19 21:15:49,Yang Yang,,2022/2Q,2022
946,1,"Bought a monthly subscription.
Tried logging into TV app. Login was denied telling me that I need to complete subscription, even though I paid for a month. Soon after I wasn’t even able to login from different devices, getting the same message to complete my subscription. Contacted Disney support, who referred me to the Apple support. Wrote to Apple support and received no response.",2022-04-20 04:50:40,myungkeuna,Lack of support,2022/2Q,2022
108,1,"그레이 아나토미 시즌마다 다른 분이 자막 다셨는지 인물간 반말/존댓말 관계가 좀 이상해요. 일단 시즌 바뀌면 반말하던 사이가 존댓말 하고 존대하다 반말하고 바뀌는 관계가 있음. 반말할 친밀도의 관계를 가끔 존대하게 설정해서 느낌 이상함. 인턴한테 원래 다들 반말인데 일부 시즌에서 갑자기 존대하는게 너무 이상함. 시즌 1부터 보면 인턴은 어텐딩이나 과장이 반말하고 막 굴리는게 설정상 맞는 것 같은데 후반에 갑자기 존대하는 시즌이 있음. 가끔 커플이고 부부이고 완전 평등(?)한 관계인데 한명은 존대하고 한명만 반말함. 반말 존대가 번역하기 좀 애매한 부분은 맞는데, 적어도 일관성이라도 있게 해주세용…
그리고 왜 자꾸 번역기 돌리시나요 ㅋㅋㅋㅋㅋㅋㅋㅋㅋㅋㅋㅋㅋㅋㅋㅋㅋ 영문과 대학생 시켜도 이것보단 나을 것 같네ㅠㅠㅠㅠ 아예 진짜 번역기를 돌렸던데 이게 가능한 일인가 싶네요. 번역 못하겠는 단어는 영어 발음 한국어로 읽어서 때려박고.. 외과 과장을 뭐라할지 몰라서 chief 그대로 “치프” 라고 해놨던데 이건 말도 안되잖아요 준비가 안됐으면 개시를 하지를 말던가 ㅎ..",2022-04-20 16:20:02,ㄹㄹㅇㅁㅋ야ㅑㅑㅏ,자막 엉망이에요,2022/2Q,2022
405,1,갤럭시 노트5 인데 무한로딩만 되네요. 빨리 고쳐주세요. 아님 무한로딩이 걸리든 말든 관심없는 건가요...,2022-04-20 18:07:03,박혜수,,2022/2Q,2022
3388,5,무료예요🥺😳💖,2022-04-20 20:57:57,이정애,,2022/2Q,2022
3120,1,이채민,2022-04-21 07:47:31,Boram Kim,,2022/2Q,2022
1313,4,"다 좋은데 다른 ott처럼 팝업좀.,.",2022-04-21 09:22:53,옴뇸뇸,,2022/2Q,2022
1268,5,유플러스디즈니가입자입니다. 실수로구독정기결제되었습니다. 환불과정기구독취소부탁바랍니다.,2022-04-21 12:41:43,잭엄마,,2022/2Q,2022
3112,1,쓰레기,2022-04-21 23:43:46,Yong Hwan Oh,,2022/2Q,2022
472,1,영어 일본어 네덜란드어 전부다 괜찮은데 왜 한글자막만 대문짝만하냐고!! 한국사람들이 다 눈이 침침해보여?,2022-04-22 01:23:13,AcidJY,한글 자막 크기 좀 줄이라고 미친 디즈니야!!!,2022/2Q,2022
593,1,"사용자 편의는 전혀 고려하지 않고 뚱땅거려 만든 반쪽짜리 앱이네요. 
그리고 애니는 컨텐츠 수 늘릴려고 그런건지 토막내서 업로드 시켜놓고 총 2분짜리 편에 오프닝은 꼬박꼬박 들어가있고 끝나고 크레딧 시간하며 총 컨텐츠 시간은 40초 인거 같네요. 
거기다 다음화 자동 재생이 없어서 2분마다 눌러서 재생시켜야합니다. 
자막도 원래 디즈니 주니어에서 멀쩡하게 쓰던 자막 말고 이상한걸로 사용하던데 한국어로 재생하다가 영어 노래 나오면 그냥 아무것도 안나옵니다. 
디즈니면 다인가 라는 생각이 들 정도로 더 사용하고 싶지 않은 ott 입니다. 
제일 최악인 것은 티비에서 시청할때 앱이 계속 멈춥니다. 콘텐츠 하나 보고 목록으로 돌아가려면 계속 멈추고 재설치해야됩니다. 
도대체 어떻게 만들면 이렇나요???",2022-04-22 06:00:55,애니조왕,ott 중 단연코 최악입니다,2022/2Q,2022
264,1,재생중 안전문자가 오면 확인을 눌러 꺼도 플레이버튼이 사라지지 않아요,2022-04-22 11:01:38,Sue Chang,,2022/2Q,2022
792,3,답답해요,2022-04-22 11:13:39,Ⓜ️Jdk,배속기능이랑 화질 설정좀…,2022/2Q,2022
490,2,인간적으로 매달 돈내고 있는거 알면 iptv에 올리면 디즈니플러스에도 올려라,2022-04-22 11:26:04,코스모스왕소라,양심 챙겨,2022/2Q,2022
258,1,아니! 어플내에서 화면밝기 조절기능좀 넣어달란게 그리어려운거냐? 대다수사람들이 요청하는 부분인데 진짜 어플업뎃안해주네..안해주는거냐?못하는거냐?!!!,2022-04-22 12:02:49,LIM DDONG,,2022/2Q,2022
698,1,"1. TV랑 연결해서 볼 때 자막 크기가 터무니없이 작아요. 제가 안경 쓰면 1.2 정도 시력인데도 2.5m 거리에서 보면 자막이 작아서 볼 때 상당히 불편해요.

아무리 모바일 화면서의 자막 사이즈가 괜찮다 해도 큰 화면으로 보는데 자막이 작다?
이것 때문에 탈퇴할 확률 50% 늘어날 겁니다…

2. 4k 화질 지원

3. 왓챠처럼 배속 지원",2022-04-22 14:36:31,뉘아,다음 업데이트 시 꼭 필요한 것들,2022/2Q,2022
1785,5,진짜 좋아요! 그래도 쫌 발전을 해야 하지만 그래도 진짜 좋아요!,2022-04-22 16:15:07,이항주,,2022/2Q,2022
159,1,최악의 OTT앱. 밝기조절 안됨. 티비앱에서는 장면 이동 기능 없음. 후반부 보려면 빨리감기 걸고 기다려야 됨. 다음회차 넘기기도 없음. 이딴걸 개발하고 승인한 인간들이 대단. 그러니까 사용자 무더기 탈퇴하고 매출 그모양 그꼴나지. 앱리뷰도 OTT 서비스 중 혼자만 답글 안 달고 뻐기는 꼬라지 보소. 하나부터 열까지가 정성스럽게 개판임.,2022-04-22 18:17:17,퓨리온,,2022/2Q,2022
435,1,배속도 없고... 밝기조절도 없는건 진짜 선넘네,2022-04-22 19:15:22,Jin Woo Kim,,2022/2Q,2022
700,1,업데이트를 해도 여전히 홈에 못 들어가는데 ㅠㅠㅠ,2022-04-22 20:34:27,HI Y,,2022/2Q,2022
3105,5,좋아요,2022-04-23 09:35:56,유성민,,2022/2Q,2022
582,1,뭐지 왜 접속이 안되지. 쓰레기어플 업데이트해도 똑같이 쓰레기,2022-04-23 10:18:10,ᄆᄉᄋ,,2022/2Q,2022
744,1,밝기가 최악임 너무 어두워서 하나도 안보여,2022-04-23 12:18:14,이삼사,,2022/2Q,2022
263,1,풀화면으로 하면 화면 양옆 다 찔림....그리고 모바일 아직도 4k지원안하고... 기기탓인지는 모르겠지만 화면 밝기가 타앱에 비해 왤케 낮지?,2022-04-23 15:04:24,익명김,,2022/2Q,2022
265,5,디즈니플러스 1주일 이상 접속 오류가 떠요 ㅠ 휴대폰을 껐다 키거나 앱을 나갔다오거나 업데이트를 시켜도 똑같습니다 ㅠㅠ,2022-04-24 08:17:52,소멸,,2022/2Q,2022
2195,5,디즈니 10 년 으로 해주세요,2022-04-24 10:13:34,퍼스트귀신,,2022/2Q,2022
199,1,애 보게 하려고 깔았는데 정말 최.악 이네요;; 가끔 세로로 봐야하고 안내문자같은 메시지가 오면 멈추고 메시지를 읽어야해요;; 애가 세로로 보면 불편하다고 그럽니다.. 1점도 주기 아깝네요.ᐟ.ᐟ,2022-04-24 11:08:49,권오승,,2022/2Q,2022
1648,1,pip모드해줘요 정말 불편해요 모바일에서,2022-04-24 11:31:25,PARK Austine,,2022/2Q,2022
382,1,기능이 모두 최하 그리고 왜 연결안됨? 계속 접속안됨 진짜 너무하네 에휴 1년결제한 내가 바보지 망해라,2022-04-24 11:57:19,Seonho Song,,2022/2Q,2022
1704,1,앱이 켜져야 뭘 하지...,2022-04-24 13:43:08,yjkim,,2022/2Q,2022
731,1,와... 살다살다 이런 막장 앱은 첨이네. 돈에 눈이 돌았나. 앱이나 좀 잘 만들고 돈 받아쳐먹어라.,2022-04-24 15:28:29,JAE WAN PARK,,2022/2Q,2022
1807,1,마블시리즈 보고나면 볼게없음,2022-04-24 15:48:18,DS Lee,,2022/2Q,2022
612,1,계속 무한 로딩뜨면서 안들어가진다,2022-04-24 22:10:37,GD KIM,,2022/2Q,2022
1786,1,로딩중 계속뜨고 설치도 안됩니다.,2022-04-24 23:15:36,김영중,,2022/2Q,2022
38,5,그러면서도 편한것 같기도하고 이상하게 뭔가..그런게있음.... 그래도 잘쓰고있다 구독료도 생각보다 많이 저렴해서 만족! 그리고 전반적인 디자인이 약간 촌스러운 느낌도 듦.. 그리고 개인적으로 라이카 스튜디오 애니매이션도 보고싶당 ㅜㅜㅜ,2022-04-25 02:15:58,동쪽의흑마녀,뭔가 불편한것 같기도 하면서...,2022/2Q,2022
2937,1,사용을 안함,2022-04-25 06:16:12,현정옥,,2022/2Q,2022
21,1,"외장 메모리에 다운로드 받는 옵션이 분명히 존재하는 데도, 외장 메모리에 저장하면 다운로드 되다말고 앱이 먹통이 되던가, 다운로드 받아놓은 파일도 접근 못하는 상황이 발생합니다. 갤럭시탭 S8+사용중이고... 메모리 카드도 읽기 쓰기 100MB/S 가 나오는 상황이어서 메모리카드 문제도 아닙니다. 같은 기기에서 넷플릭스, Prime video모두 외장메모리 저장이 잘 되는데 디즈니플러스만 문제가 있습니다. 해당 이슈를 인지하고 있는지 궁금합니다. (검색해 보니 런칭 초기부터 제기되던 얘기네요) 참고로 내장 메모리에 저장하면 아무런 문제없이 잘 작동합니다. 외장 메모리에 저장할 때에만 문제가 있습니다.",2022-04-25 17:50:53,나형주,,2022/2Q,2022
1050,5,영어집중듣기 하기좋네요,2022-04-25 20:43:05,이슬 초코 TV M.l,,2022/2Q,2022
1107,3,갑자기 앱 로딩중만 뜨고 들어가지 않네요,2022-04-25 21:49:45,쿠사마,,2022/2Q,2022
356,1,로딩만 되고 더 이상 진행이 안되는게 3일짼데 언제 고쳐요.,2022-04-26 02:13:11,2 70,,2022/2Q,2022
2419,1,앱이 열리질않네요^^,2022-04-26 06:36:55,Kyukyung큐큥,,2022/2Q,2022
784,3,다음화로 넘기기기능좀 추가해주세요,2022-04-26 09:39:24,개복치 마약성,다음화로 넘기기 기능좀 추가해주세요,2022/2Q,2022
2203,1,앱이 안열려요..,2022-04-26 09:54:31,SI KIM,,2022/2Q,2022
143,3,오랜만에 디즈니 로그인이나 해보려는데 비번을 까먹어서 비번 찾기 했더니 메일도 안오고 스팸에도 안오고...어찌어찌해서 찾았는데 적으니까 아무런 반응이 없음. 그리고 버그인줄 알고 여러번 나갔다 들어왔지만 이번엔 이메일이 맞는데도 접속이 안됨. 많이 실망했다,2022-04-26 13:25:09,로불록스꿀댐,좀 실망했다 디즈니,2022/2Q,2022
3408,3,무한로딩,2022-04-26 15:19:20,慧江 정동찬,,2022/2Q,2022
1101,1,업데이트 개느림. 이럴줄알았으면 1년결제 안하지.,2022-04-26 20:10:21,min kim,,2022/2Q,2022
3095,2,조그음.. 개선이 필요해보입니다 需要稍微改善一下,2022-04-26 20:59:42,도브,,2022/2Q,2022
2688,1,앱실행이안됨,2022-04-26 22:30:28,박효진,,2022/2Q,2022
3097,1,쓰레기 예요~,2022-04-26 22:38:40,이동윤,,2022/2Q,2022
295,1,OTT중 최악의 어플. UI도 엉망. 검색 및 색인 기능은 진짜....,2022-04-27 09:49:28,진서,,2022/2Q,2022
279,2,"성인 인증 진행시 이메일 입력 단계부터 자판이 안올라와서 진행을 할 수가 없습니다. 블루투스 자판을 연결해서 진행을 해야만 하는데, 오류 수정 부탁드립니다.",2022-04-27 17:18:54,중앙일보 디자인,아이패드로 성인 인증 진행시 반복 오류 발생,2022/2Q,2022
420,2,넷플보고 다시보니 쫌 스레기 같아요 밝기조절도 안되고 배속설정도 없고 불편하고 문나이트 보는맛으로 결제했지 딴건 뱔로...,2022-04-27 23:01:50,허엥,,2022/2Q,2022
581,1,앱시작하면 로고 나오고 무한 로딩되서 초기화면이 안나옵니다,2022-04-28 04:16:32,K,,2022/2Q,2022
194,3,지 멋대로 되는건 되고 안 되는건 안 되고 물론 안 되는 경우가 90%임 크롬캐스트 연결하면 재생 바 옮길 때 미리보기도 안 보여서 너무 빡셈 어플 왜 이따구로 만든건지?… 어이가 없음,2022-04-28 04:21:42,아아ㅏㅏㅏㅏ아아,대체 재생시간은 왜 기록이 안 되는거임?,2022/2Q,2022
808,2,다른것도 불만은 많지만 어떻게 PIP모드를 안만들수가있죠!!!,2022-04-28 10:15:33,옹냥꽁냥*,,2022/2Q,2022
801,2,"크롬캐스트3
자막 사이즈 조절이 안되고 있습니다
크롬캐스트3의 문제가 아니고 디즈니 자체 문제로 파악됩니다

근거는 모바일로 크롬캐스트3 송출하면 자막 작게 나옵니다

같은 크롬캐스트3으로 pc에서 송출하면 자막이 크게 나옵니다.
이는 디즈니 자체 문제입니다",2022-04-28 11:04:01,ByoungSup,크롬캐스트3 호환성문제로 인한 자막 사이즈 조절 불가,2022/2Q,2022
3386,1,다운로드 왜안돼,2022-04-28 14:36:33,하이 나야빠라빠바,,2022/2Q,2022
2471,5,나를위해이재명 우리를위해이재명,2022-04-28 15:30:11,박정영,,2022/2Q,2022
294,1,3세대 크롬캐스트에서도 자막크기 조절할수있게 개선좀 해줘요 몇달째 이거하나 개선을 안해주네요ㅠ,2022-04-28 21:52:12,민깡,,2022/2Q,2022
2192,1,2배 배속 안만드세요?,2022-04-28 22:44:27,jason lim,,2022/2Q,2022
719,1,아이폰으로는 잘 재생되는데 아이패드로는 ios 업데이트 한 뒤로 재생이 안돼요,2022-04-29 04:57:45,예쁘정연,영상 재생이 안돼요,2022/2Q,2022
1659,2,당신들은 나의 겨울왕국을 가져갔다 빔프로젝터를 막는 의견 누가 내었든간에 엘사가 그를 처리하러갈것이니 당신이 망하는걸 더 안기다려도 된다,2022-04-29 09:55:48,rain dow,,2022/2Q,2022
149,3,기기는 아이패드 입니다. 웹사이트로 들어가면 로그인도 다 하고 들어갈 때 아이콘을 누라고 나서 비번을 누르는 키보드 마저 없고 계속 눌러도 안됩니다. 모바일 웹사이트 접속 업데이트를부탁드립니다.,2022-04-29 13:50:08,키보드 실종,디즈니+ 웹사이트 접속시 오류,2022/2Q,2022
2194,1,하...... 짱구 좀 너놔 짜증나,2022-04-29 16:53:24,ᄏᄏ남매,,2022/2Q,2022
709,4,잠금기능,2022-04-30 02:13:14,석만근,플레이중 잠금기능좀 넣어주세요,2022/2Q,2022
791,5,너무 좋습니다.,2022-04-30 02:30:03,악귀 tv,와~,2022/2Q,2022
1639,1,아니 왜 갑자기 앱이 안켜짐??,2022-04-30 05:54:41,뇨지릿,,2022/2Q,2022
271,1,자막이 너무 조그만하고 자막이 위로 갔다 아래로 갔다 하네요 자막 수정좀 해주세요 이래서 디즈니가 망하는건가요,2022-04-30 13:26:53,김상호,,2022/2Q,2022
1105,1,오랜만에데드풀좀보려했더니 성인인증으로넘어가더군요 분명히 모는컨텐츠 시청가능프로필이였는데..? 그래서 인증하고 다시재생버튼 누르니 다시 성인인증하라더군요... 하...,2022-04-30 13:55:19,코르네,,2022/2Q,2022
959,1,In south korean can watch disney ?,2022-04-30 16:11:45,jdlee80,Asking,2022/2Q,2022
2297,1,버퍼링 너무심함,2022-04-30 20:01:07,hjk u,,2022/2Q,2022
3104,3,좋아요,2022-04-30 21:51:50,김주태,,2022/2Q,2022
257,1,툭하면 로딩. 폰과 인터넷 연동 안됨. 영화 중간까지 보고 담날 다시 볼려고 하면 첨부터 다시 시작. 이름에 걸맞는 서비스는 찾아볼수가 없음. 괜히 1년을 끊어서 . . 만료되면 해지하고 1~2년에 1달가입해서 몰아 볼 생각임. 짜증나서 못보겠음.,2022-05-01 08:30:48,eun jung C.,,2022/2Q,2022
2191,5,접속이않되네요,2022-05-01 10:57:37,박철기,,2022/2Q,2022
581,1,아이패드ios15.4.1로 업데이트하고나서 아이패드로 디즈니플러스 영상 재생이 안돼요 전부 다 재생이 안돼요,2022-05-01 11:59:49,뒹굴2,영상재생이 안돼요,2022/2Q,2022
1184,2,왜 빔프로젝트 못쓰게 됐나요 저는 혼자볼건데요ㅠㅠ 다른사람이랑 안볼게요 젭발 저의 일요일의 즐거움을 돌려주세요,2022-05-01 15:18:45,김소연,,2022/2Q,2022
1104,5,pip 모드가 추가되었으면 좋겠어요,2022-05-01 18:38:44,김나박이,,2022/2Q,2022
1652,3,미드'24'의 마지막 시즌8 제발 제발 제발 업로드해주세요...,2022-05-01 22:53:53,sarah i,,2022/2Q,2022
3096,1,Subtitle size control needed when running on Chromecast3,2022-05-01 23:30:51,Chris Lee,,2022/2Q,2022
1646,1,앱이 시작화면에서 안켜짐,2022-05-01 23:52:21,박진경,,2022/2Q,2022
1617,1,무조건 결제해야 가입 모두 완료? 탈퇴는?,2022-05-01 23:59:40,히헿,,2022/2Q,2022
2173,1,구독취소 하고싶은데 구독 취소가 안되요 구독 취소좀요;;,2022-05-03 03:03:36,deck - kay,,2022/2Q,2022
1327,1,이건 뭐 다운도 제대로 안 되네요. 별 하나 박고 갑니다,2022-05-03 08:18:17,홍인표,,2022/2Q,2022
1651,2,어플무한로딩걸림 제거후재설치중,2022-05-03 10:13:28,Dragon J,,2022/2Q,2022
160,5,좋긴한데 자막이랑 더빙이 한국이 있다 없다 하고 일본어로 보고싶을땐 한국이랑 미국밖에 없고 ㅠㅠ 예전엔 있었다가 없어지는 버그좀 고쳐주세요~!,2022-05-03 10:47:55,힌트에요!!,좋긴한데..,2022/2Q,2022
1112,1,별하나도 아까움 왜 며칠째 먹통임? 들어가지질않음 돈내놔,2022-05-03 12:07:22,신화연,,2022/2Q,2022
975,3,"인간적으로 배속기능은 있어야 할거 아님..
한쿡쏴람 퐐리퐐리? 유노?",2022-05-03 13:20:46,johnnyjohnhhy,애초에 디즈니에 기대감이 없긴 했지만,2022/2Q,2022
579,1,외장메모리에 저장하면 다운 인터페이스도 망,2022-05-03 17:59:18,YW Lee,,2022/2Q,2022
3100,5,화질 굿,2022-05-03 20:58:20,이은호,,2022/2Q,2022
270,1,어떤 영상을 sd카드에 저장하면 이후 다른 영상들이 재생이 안됨. 다운로드도 중간에 안됨.,2022-05-03 23:43:00,박명호,,2022/2Q,2022
104,5,"넷플 왓챠볼때도 배속돌려서 보는데
여기서 보면 속 터져요.. 콘텐츠도 많고 너무 좋은데 배속기능좀 추가해주세요.. 성질머리들 죽음..",2022-05-04 06:20:27,김쿼카비버,제발..다 좋은데.. 배속기능좀요..,2022/2Q,2022
450,3,크롬캐스트3 연결시 자막 크기가 너무 작습니다 조절 가능하게 설정 부탁드립니다,2022-05-04 15:00:03,샐민,크롬캐스트3 자막 지원,2022/2Q,2022
301,3,배속 기능도 있었으면 좋겠어요 그리고 폰으로 볼 때 밑에 시간 ‘바’로 넘기면서 보면 그 시간에 따른 미리보기 화면이 뜰 때도 있고 안 뜰 때도 있어서 불편해요 기준이 뭔가요?,2022-05-04 15:37:51,환불해주세여오,다 좋은데,2022/2Q,2022
682,1,오류코드41 83 번갈아 가며 계속 떠서 못보고 있어요..,2022-05-04 17:41:28,쿠우동엉,오류코드41...,2022/2Q,2022
580,1,잘 쓰고 있었는데 며칠 전부터 튕깁니다.삭제 했다가 재설치해도 튕깁니다.해결해주세요,2022-05-04 18:47:10,오리,,2022/2Q,2022
7,1,"디즈니 플러스라는 콘텐츠와 별개로 어플은 최악 중에 최악. 홈화면 가려고 네비게이션바 올리면 재생구간 같이 움직여서 불편하고, 영상 다운 받으면 멀쩡하던 어플이 재생이 안 됨. 시청 삭제 기능도 없어, 키워드 검색도 안 돼, 폰하고 태블릿에서 제공하는 음성, 자막도 달라. 시스템 안정성은 그렇다 쳐도 UI가 이렇게 개판인 어플은 처음이다. 어플 만들면서 자기네들은 잘못된 걸 모르나?? 모르면 무능이요, 알고도 개선 안 하면 기만이다.",2022-05-04 21:39:09,콜푸,,2022/2Q,2022
689,3,2배속까지 할수있게 해주세요~,2022-05-05 03:17:25,르르르메,배속 내주세요,2022/2Q,2022
3103,5,좋아요,2022-05-05 10:33:34,복길이,,2022/2Q,2022
732,3,S21+쓰는데 앱이 계속 로딩만 되고 안열려용,2022-05-05 17:16:55,치쥬,,2022/2Q,2022
1099,1,"왜 제 리뷰는 답변도 없이 삭제됬죠? 아직도 실행조차 안되네요 그렇게 옛날기종도 아니고 s10인데, 왜 앱이 시작도 않해요?",2022-05-05 19:27:19,미미,,2022/2Q,2022
3107,5,VERY GOOD,2022-05-05 19:40:22,박정아,,2022/2Q,2022
1650,2,시청중인 콘텐츠 삭제좀 할 수 있게 해주세요,2022-05-05 22:45:09,깻잎,,2022/2Q,2022
256,1,"앱을 켜면 무한 로딩. 아무 것도 할 수 없음. 넷플릭스, 웨이브, 왓차, 쿠팡 플레이 다 써 봤지만, 이런 허접한 ott 앱은 처음이네.",2022-05-05 23:33:14,KH KH,,2022/2Q,2022
167,4,"보던 영상 기록을 지우고 싶은데 어디서 지우면 되는 지도 모르겠고, 사용하기 너무 불편하구요. 자막도 하나만 되는 것도 불편해요...",2022-05-06 00:56:41,k가온,,2022/2Q,2022
2283,2,들어가지지가 않아요 좀 고치세요 예? 고치라고요,2022-05-06 01:00:20,스트잉직,,2022/2Q,2022
496,4,디즈니라 너무너무너무좋은데 배속이 안돼서 잘 손이 안가요 ㅜㅜ답답,2022-05-06 09:01:06,빨리빨리빨ㄹ,배속기능 제발,2022/2Q,2022
41,1,"다운로드 받고 로그인도 신규가입도 안 됩니다. 어느쪽 버튼을 누른든 연결불가, 네트워크 오류가 떠요. 다른 어플은 모두 작동 원활하고 심지어 이 어플 구글플레이에서도 빠르게 다운 받을만큼 정상적 네트워크였습니다. 폰 재부팅/삭제후 재설치 모두 소용 없었습니다.",2022-05-06 16:05:23,Jin Illiya,,2022/2Q,2022
1643,1,pip모드가 없다니..ㄷㄷㄷ 다신 결재안한다.,2022-05-06 20:13:41,Pig Tiger,,2022/2Q,2022
2145,5,정말 좋아요,2022-05-06 20:42:25,Google 사용자,,2022/2Q,2022
712,1,요즘 들어서 자꾸 접속 자체가 안되네요.. 로딩표시만 계속 뜨고.. 어플 자체의 문제인가요? 하루빨리 해결되길 바랍니다.,2022-05-07 09:02:55,란초,,2022/2Q,2022
255,3,컨텐츠는 좋음 but 배속이 없어서 너무나도 아쉽습니다. 한 작품 정주행 하기에 시간이 너무 많이 드네요. 이건 개선해야할거 같습니다,2022-05-07 20:49:58,4 A,,2022/2Q,2022
1106,1,개느리네 답답한 어플 동영상 다운받앗는데 오ㅐ 재생안되냐? 개멍청한 앱,2022-05-07 21:59:50,MinKyung Han,,2022/2Q,2022
3449,5,짱,2022-05-07 22:27:40,정유진,,2022/2Q,2022
610,1,"엘지 u+ 디즈니팩을 설치해서 사용하려는데 거참.... 이미 핸드폰 요금에 포함되어 있고 링크도 받았는데, 링크타고 들어가면 결재하라고 뜬다... 다른 클릭창도 없어. ㅠㅠ 뭐 이렇게 불편한 사이트가 다 있냐....",2022-05-07 22:34:43,스페셜갤러리,,2022/2Q,2022
165,1,UI가 최악입니다. 다른 앱과 차별점을 보여준답시고 쓸데없이 고집을 부리는건지 몰라도 스마트폰에 전화기능이 없는것과 같은 느낌입니다. 참고할 앱도 많고 앱 출시된 시간도 꽤 됐는데 지금까지 안고친거면 고칠 생각이 없다는건가요?,2022-05-07 22:47:54,Yoo-Chan Sohn,,2022/2Q,2022
380,1,한글 자막이없는 다큐와 외국영화들이 다수 있는데 외국어 공부해야 볼 수 있나요,2022-05-08 08:53:27,박yg,,2022/2Q,2022
232,1,별한개도 아깝다.. 별 반의반개짜리앱.오류투성이. 호환성 제로.. 불편한 ui. 사용자 비친화적인.기능.. 느린속도..,2022-05-08 09:18:46,gyeongseok seo,,2022/2Q,2022
355,1,크롬캐스트 연결 시 자막이 너무 작아서 코 앞에서 시청해야 보일 듯. 디플 쓰고 싶어도 자막크기 때문에 잘 안 보게 됨. 많은 유저들이 불편함을 호소하는데  아직도 개선이 안된게 의문.,2022-05-08 12:33:45,갓페,자막크기노답,2022/2Q,2022
2939,5,선풍기 ㅎ 니 ㅅㆍ42,2022-05-08 13:21:24,정인호,,2022/2Q,2022
1115,1,모바일 깊카로 사는사람들은 깊카 만원 충전햐서 구독할라니까 결제거부 뜨는데 이런걸 제대로 고치든가 매번 결제할때마다 이래뜨는데 불편해서 다신안쓴다 디즈니라서 기대했는데 넷플보다 못하누ㅋ,2022-05-08 14:11:33,초코우유,,2022/2Q,2022
163,1,살짝 좋긴 하지만 별로 좋은 프로젝트는 없는 것 같네요. 특히 한글 자막이 없는게 별로네요. 한글 자막이라도 있으면 평점은 3에서 4로 될 수도 있겠네요.그닥 많이 추천하지는 않습니다.차라리 넷플릭스가 더 낮겠네요.,2022-05-08 15:13:35,개구리채널,,2022/2Q,2022
648,1,개떡ㅋㅋㅋㅋㅋㅋ크롬캐스트로 보는데 자막크기 실화입니까..? 좋은말 할때 빨리 크게 만들어 주세요..,2022-05-08 15:17:20,dkslsoci,자막크기,2022/2Q,2022
262,2,컨텐츠와 별개로 앱이 너무너무너무 최악입니다 제발 자막만이라도 바꾸세요... 진짜 자막을 이렇게 하는곳은 처음보네,2022-05-09 01:05:40,Siwoo,,2022/2Q,2022
286,5,그 괴짜가족 괴담일기 시즌2 밖에 없는 데 시즌1도 추가부탁드려요 ㅠ🥺,2022-05-09 12:29:36,징징어ㅓㄴ,더 추가해 주세요 ㅠ,2022/2Q,2022
509,2,"경쟁사 서비스처럼 이전화 / 다음화 탭도없다.
자막문제는 초반 대비 많이 나아졌다.",2022-05-09 12:45:08,녹색우주괴생명체,ui가 너무 불편,2022/2Q,2022
635,3,글씨크기 좀 키울 수 있게 해주시던가 아니면 키워주시던가 해주세오... 눈 아파요 어쩌라고요 영어 못 한단 말이에요!!!,2022-05-09 21:04:16,잠시만여앙니,,2022/2Q,2022
352,1,"마블 미드를 보고 싶어서 결제했습니다만, 어플 관리가 최악이네요. 영어 오디오에 한글자막으로 보고 싶은데 자막이 절대 뜨지 않네요. 어쩔 수 없이 한국어더빙으로 보는데, 한국어더빙 오디오에선 자막이 지원되네요. 이런 개떡 같은 경우 처음 보네요.",2022-05-09 21:26:31,박종원,,2022/2Q,2022
677,1,"리뷰 처음 남겨봅니다.
자막 크기가 너무 작아서 보이지 않아요.",2022-05-10 00:23:14,ohmygod12321,자막 크기 너무 작아요. 최악이에요.,2022/2Q,2022
583,3,컨텐츠 많은 건 인정 사실 뭐 볼게 더 있겠어 싶었는데 개많더라 근데 자막 별로에 배속 안되고 저장 오류 개많고 개인적으로 UI도 좀 별로임 그래서 3점,2022-05-10 00:49:31,ᄎᄋᄐ,,2022/2Q,2022
845,1,자막크기 개선이 아직 안됐네요..,2022-05-10 03:42:24,디투더즈투더니,자막크기가...,2022/2Q,2022
2295,1,비응신같은 PC그만 쳐 빨고 애기들 동심 돌려내,2022-05-10 09:32:13,단비,,2022/2Q,2022
2691,5,나이스^~^,2022-05-10 12:47:08,곽동훈,,2022/2Q,2022
344,1,진짜 어플 자체는 너무 쓰레기가 맞네... 팝업모드 지원 안되고 밝기조정 따로해야하고 세상 불편...,2022-05-10 17:12:26,고은별,,2022/2Q,2022
2726,1,무한로딩 인데 어케 보누,2022-05-10 19:27:20,雪姫黒王子,,2022/2Q,2022
114,4,배속이 필요해..! 한국인이 좋아하는 속도로 보고싶다고요..!,2022-05-11 10:08:37,김도덩,배속 만들어주세요,2022/2Q,2022
1948,1,설치눌렀는데 왜 대기중만 뜨나요?,2022-05-11 10:13:47,서정훈,,2022/2Q,2022
1582,5,UI야 어찌되었든 컨텐츠들은 정말 마음에 든다,2022-05-11 12:58:03,Donghyun Kim,,2022/2Q,2022
22,1,개선할 생각이 없으신 모양이네요. 안드로이드TV용 어플만 그런줄 알았는데 런칭만 했지 몇개월이 지났는데도 고쳐지지를 않고 있으니.. 빨리감기나 건너뛰었을때 간혹 음성과 영상싱크가 안맞는 점. 시청중에 재미가 없어서 안보고 있는 영상 목록제거가 안되는 점. 애초에 자막에 투명도 20%쯤 되는 흰배경색이 있는거 자체가 ㅉㅉ. 컨텐츠 부족한건 둘째치고 제발 신경 좀 씁시다,2022-05-11 13:28:46,포토준,,2022/2Q,2022
291,1,아이패드 에어5 얼마전에 구입해서 앱깔려고하는데 깔려고누르면 결제하라고떠요 저는이미4명이서 나눠서내는걸 하고있는데 보니까 잔액이9900원보다 많이있는데 결제가막히는거보면 처음부터 1년결제하고앱을깔라고하는거같은데 이게말이되나요 앱을깔지도못하게하면 어떡해요,2022-05-11 14:13:55,꾸야랴애애애ㅐㅇㄹ,아이패드에 안깔림,2022/2Q,2022
233,1,외장 메모리에 저장하면 먹통되네요... 저장한 파일 재생하면 39 에러 뜨고 저장한거 삭제하고 데이터로 재생하면 보이고... 걍 탈퇴할래요,2022-05-11 15:25:27,SM,,2022/2Q,2022
454,1,앱 개느리고 하 진짜 건너뛰기며 다음화 넘어가는거 하나하나 넷플릭스쓰다가 볼거있어서 디즈니 넘어오면 답답함의 극치 업데이트 안하세요??? 이대로면 한달보다가 스트레스 받아서 삭제 할듯;;;,2022-05-11 17:44:22,김현희,,2022/2Q,2022
1649,4,스파이더맨 시리즈 업데이트 해주세요,2022-05-11 22:47:32,함유건,,2022/2Q,2022
967,5,ㅇㄷㄴㅂㅌ,2022-05-12 03:01:44,얼음땡온라인 이 불편한 점!!ㅠ,개추,2022/2Q,2022
1114,4,배속기능이 생기면 좋겠습니다.,2022-05-12 04:37:22,h s,,2022/2Q,2022
464,5,"너무 재미있고, 제가 좋아하는 영화,애니메이션 등 있습니다 이틀 전 다운로드 하였는데 기능도 좋고 메이의 새빨간 비밀 을 보려고 다운로드 했는데 않나와서 좀 당황하였습니다 그런데 개속 찾아보니 있어서 너무 좋았습니다!",2022-05-12 07:58:13,Hannah Jung,,2022/2Q,2022
2938,5,시 비 하하하하하,2022-05-12 11:18:57,박현희,,2022/2Q,2022
397,1,콘첸츠빨로 배짱부리기.? 영상배속 밝기 음량 안되고 자막은 싱크도 잘 안맞고...하루빨리 개선이 필요함. 소비자들 이미 OTT여러개 보고 있어서 눈높이 높음,2022-05-12 18:58:46,ji;n,,2022/2Q,2022
3108,1,쓰레기앱,2022-05-13 15:34:00,허재혁,,2022/2Q,2022
1835,1,개튕겨서 안들어가짐,2022-05-13 17:38:11,고먐미,,2022/2Q,2022
237,3,밝기조절이나 배속조정이 원래안되나요.. 타 플랫폼을 주로 이용하다오니 불편하게 느껴지네요 원래 넷플릭스 왓챠 구독하다가 워킹데드11 때문에 들어왔는데 혹시 워킹데드 안보면서 번역하셨나요? 캐릭터붕괴 너무 심해서 집중을못하겠어요 차라리 구글번역기가 나을듯합니다,2022-05-13 18:51:14,김유진,,2022/2Q,2022
1663,2,자막 크기 좀 키워라,2022-05-13 20:25:09,claire,,2022/2Q,2022
183,1,대화하면서 가입을했고 아이디를 입력하니 안되서 g메일이랑 네이버 딱 아이디2개인데 다 안되서 당황했고 아이디찾기 기능도없고 고객센터 연결은 아에 안되고 머 이런 ... 짜증나서 환불신청함 개선이 매우 시급해보임 넷플릭스 비싸서 탈퇴할려고했는데 그냥봐야겠음ㅠ,2022-05-13 21:21:37,유,,2022/2Q,2022
267,1,장담하는데 디플 플레이어 개똥망이네 서비스 시작한지가 언젠데 밝비조절도없는 플레이어 수준 곰플레이어 만 못하네... 장담컨데 이벤트기간 끝나면 뽕뽑고 두번다시 결제할일 없을듯 대형기업 배짱인지 피드백도 없고 ㅉㅉ,2022-05-14 03:05:24,로동,,2022/2Q,2022
252,3,빠른재생버튼 만들어줘요,2022-05-14 06:45:28,snowman3000,빠른재생버튼 만들어줘요,2022/2Q,2022
2294,5,동생과 함께보기 너무 좋아요.,2022-05-14 07:26:26,이현재,,2022/2Q,2022
2175,5,생각보다 영화가 많음,2022-05-14 17:13:15,NEVER GOBACK,,2022/2Q,2022
353,1,아니 왜 앱이안켜져요.. 계속로딩화면만돌고 안들어가져요ㅜㅜㅜㅜ,2022-05-14 19:28:51,J호앵,,2022/2Q,2022
309,1,"4가지의 ott를 구독중인데.. 안드로이드인데..팝업뷰안됨,자막크기조정안됨,구간검색불편 ,공개예정 미리알수 없음,신규컨텐츠는 대부분 어린이들 컨텐츠..반년이 다되가는데..개선의지가 안보인다..... 뭐하나 그간의 구독비가 아까워서 닥터스트레인저 공개까지만 유지휴 구취고민중.",2022-05-14 21:35:43,zin k,,2022/2Q,2022
329,5,나머지 다 좋은데 예능 볼게 없음.. 좀만 더 추가 해주세요,2022-05-15 07:29:47,무한도전 plz,제발,2022/2Q,2022
1664,2,"이게 세계적인 기업에서 만든거라니 ,,,,너무 불편함",2022-05-15 10:03:08,aa a,,2022/2Q,2022
757,4,갤럭시탭s10.5(1세대) 를 사용하고 있는데 몇일전부터 초기화면만 나오고 접속이 안됩니다 어떻게 해야하나요?,2022-05-15 11:00:20,이광훈,,2022/2Q,2022
1456,5,디즈니플러스 최고 스타워즈최고 만달로리안 짱,2022-05-15 13:59:28,박하민,,2022/2Q,2022
618,2,1.5배속없는 동영상 웹은 펌이라 당황스럽네,2022-05-15 15:31:49,인생을 가는중,1.5배속좀 만들어주세요,2022/2Q,2022
1331,1,최악의 반응성과 UI,2022-05-15 16:07:34,KyoungNam Ha,,2022/2Q,2022
1081,1,앱이 로딩만함 재설치중,2022-05-15 19:32:00,SANG HUN PARK,,2022/2Q,2022
2193,1,계정이 저절로 삭제됩니다.,2022-05-15 21:09:57,김승진,,2022/2Q,2022
517,3,노트북으로 모던패밀리 보는 중인데 다음화 넘기기가 없어요...ㅋㅋㅋ,2022-05-16 03:12:01,아기외계인,다음화 넘기기 기능이 없...네요...?,2022/2Q,2022
531,2,"오프닝이나 지난이야기 건너뛰기 버튼이 없네요.
회차 고르기도 없고 메인가야하고 불편함",2022-05-16 09:29:58,페코Pekoe,건너뛰기없는거 실화,2022/2Q,2022
162,1,대사와 자막이 싱크도 안맞고 자막이 휙휙 넘어가고 늦게 뜨고 아주 난리도 아니에요. 자막 누락도 있고요. 화질도 깨지고. 원하는 장면으로 이동하기도 없나요?건너뛰기 속터져요. 좀 빠르게보고 싶은데 영상배속도 못올리고요....에효..개선할게 많네요...,2022-05-16 12:52:26,이B's,,2022/2Q,2022
594,3,왜 앱 실행이 안됩니까 로딩만 계속 되는데,2022-05-16 19:23:02,거제청년,,2022/2Q,2022
259,1,Pc 같은 경우에는 자동으로 자막 설정이 되는데 모바일과 tv인 경우에는 자동 자막 설정이 안 되 불편합니다 모바일과 tv 같은 경우에도 자동 자막 설정 기능이 필요한 것 같습니다.,2022-05-16 22:56:01,김승민,,2022/2Q,2022
48,3,무난하긴한데 아직 넷플이나 왓차처런 단독으로 쓸만큼의 충분한 컨텐츠가 가득한 ott는 아님 뭐.. 차차 발전해나아가겠지만;그건 그렇고 앱내에서 영상 배속으로 보는 기능이랑 제발 다른 앱이랑 겸해서 볼때 작은화면으로 갔다가 다시 본래 디즈니 앱으로 들어와서 큰화면으로 볼 때 다시 프로필누르고 비번 눌러야되는것 좀 해결해주세요 . 귀찮아 죽겠네,2022-05-17 01:10:17,또각쓰,무난하긴한데,2022/2Q,2022
3106,4,굿,2022-05-17 01:48:12,김성환,,2022/2Q,2022
829,3,정기구독 내일까지인데 오늘 결제가 되었어요 정기구독 취소했는데 환불해주세요,2022-05-17 13:46:55,김성대,,2022/2Q,2022
1956,5,결제취소했습니다 환불도와주세요,2022-05-17 19:00:52,승미인,,2022/2Q,2022
1658,1,와 자막 개판이네...,2022-05-17 21:11:56,류리,,2022/2Q,2022
2298,1,리뷰에 답글을 안하시네요. 버릴껀가요?답변 부탁드립니다.,2022-05-17 21:29:04,고광희,,2022/2Q,2022
2296,1,ui가 너무 블편합니다,2022-05-17 23:26:39,프르릉,,2022/2Q,2022
207,3,"아직 컨텐츠가 다양하지 않고, 특히 플레이어 기능이 허접합니다. 그래서 별두개 깝니다 그래도 마블과 픽사 넷지오등 정말 좋아하는 채널이 있어서 만족합니다",2022-05-18 00:39:04,벨로시랩터,,2022/2Q,2022
1250,5,항상 짱 재밌음,2022-05-18 01:09:00,박귀현,,2022/2Q,2022
1661,5,마블을 맘껏볼수있어서 최고,2022-05-18 04:00:07,성수,,2022/2Q,2022
3113,3,so so,2022-05-18 04:20:15,송영운,,2022/2Q,2022
1654,1,볼게 너무 없음,2022-05-18 07:15:00,minchul lee,,2022/2Q,2022
2188,5,매우좋아요,2022-05-18 08:03:27,Vertigo,,2022/2Q,2022
1110,3,밝기조절이안됨,2022-05-18 08:55:27,양래성,,2022/2Q,2022
1454,1,자막이 진짜 꽝이에요. 최악,2022-05-18 09:27:43,유지연,,2022/2Q,2022
1051,5,그동안보지못했던 디즈니영화와 애니메이션을 실컷볼수있어서 너무좋아요,2022-05-18 11:03:43,이영성,,2022/2Q,2022
347,3,TV에서 볼때 자막 크기가 너무너무너무너무너무 작음. 그외에는 괜찮음,2022-05-18 12:12:48,김동일,,2022/2Q,2022
2746,5,아주좋아요,2022-05-18 13:27:26,김원조,,2022/2Q,2022
298,1,정말 볼 게 없어요.마블 영화는 다 봤던 거고 VOD도 샀던 거여서 봤던 거 보고 또 보고,2022-05-18 13:55:53,Tara 2.0,,2022/2Q,2022
1100,4,너무 재미있어요 디지니 플러스 짱,2022-05-18 16:46:59,배린이 TV,,2022/2Q,2022
3111,3,안녕하세요,2022-05-18 17:29:09,늘푸름Ever-blue,,2022/2Q,2022
2689,5,나는 좋음,2022-05-18 17:30:38,최홍현,,2022/2Q,2022
260,3,화면넘기기등 인터페이스가 편하지 않고 보던작품 연속보기도 불편함 마블 다보면 뭘봐야 할지...,2022-05-18 17:44:31,Younsoo Jang,,2022/2Q,2022
1656,5,로키정말 재밌어요,2022-05-18 18:08:48,김민석,,2022/2Q,2022
1402,1,접속이안되는데 프로필수정을ㅇㅓ떻게합니까,2022-05-18 18:13:02,kaeun yu,,2022/2Q,2022
1662,3,화질 저만안좋나요?,2022-05-18 20:00:36,신사민,,2022/2Q,2022
288,1,이럴수가 있나 유료결재 절대하지마세요 진짜 볼꺼 없음. 스파이더맨도없음 ㅋㅋ 내가 왜 1년 결재하고 돈버리고있는지 ㅋㅋㅋ 다른 ott추천,2022-05-18 20:09:13,김환,,2022/2Q,2022
707,1,어플 실행이 안되고 무한로딩임.,2022-05-18 21:03:57,김하쿠,,2022/2Q,2022
1109,5,넷플릭스보다 훨씬 종류도많고 더재미있어요.,2022-05-18 21:31:55,김원장,,2022/2Q,2022
1647,2,알림좀끄는 설정 만들어주세요 거슬리네요ㅠ,2022-05-18 22:45:02,g genieee,,2022/2Q,2022
23,1,본즈 정주행 중인데 자막 상태가 왜 이렇죠...? 경어랑 하대가 혼용되는 건 영한 번역 특성상 번역자가 달라졌으면 이해할 수 있는 부분인데 시즌4 들어서는 칼을 캘이라 써놓고 암흑을 암픅이라 써놓고... 어떻게 이런 기본적인 검수도 안 한 자막을 걸어놓고 당당하게 멤버쉽 금액을 받아챙길 수 있어요? 여태까지 사용해본 OTT 서비스 중에서 가장 불쾌하고 미완성된 어플리케이션이에요.,2022-05-18 23:18:38,J,,2022/2Q,2022
1404,3,항공사고 수사대 좀더 많은 시리즈올려주세요,2022-05-18 23:54:53,FLASPS,,2022/2Q,2022
148,4,동시자막이 지원되었으면 오래 구독가능할거 같네요 아쉽습니다 디즈니 영화로 영어공부하는사람이 많은만큼 가장 필요한 기능이 아닐까 싶네요,2022-05-19 09:21:58,뿌잉 ㅜㅠ,동시자막지원,2022/2Q,2022
192,1,기능도 없고 버퍼링도 심하고 끊기고.... 언제 만든 어플인지 한심한 어플이네요ㅡ.ㅡ 돈받아간걸로 업데이트 좀 하세요!!!,2022-05-19 10:42:08,Jiseong Lim,,2022/2Q,2022
974,3,냉무,2022-05-19 12:44:58,미르팅김,자막을 좀 자연스럽게 넣어줬으면 보는데 거슬림,2022/2Q,2022
1653,1,왜 계속 오류가 나는건지.....,2022-05-19 14:43:53,양희진,,2022/2Q,2022
1784,3,아직 컨텐츠가 부족한 느낌,2022-05-19 14:50:45,권정욱,,2022/2Q,2022
306,5,일단 노 웨이 홈이 없는건 아주 불편하지만 많은 영화를 만나볼수 있다는 점에서 굉장히 좋습니다,2022-05-19 15:37:31,yoonkyung choi,,2022/2Q,2022
266,1,앱 최악 내가 만들어도 이거보단 잘 만들듯 돈은 지불하면 콘텐츠가 아니라도 앱 자체가 에러가 안나야되는데 에러가 나서 볼수도 없고,2022-05-19 19:24:12,Jeongwoo Kim,,2022/2Q,2022
296,1,로딩이 정말 많이걸려서 다음날 일어나서 봐야지 했는데 아직도 로딩중입니다,2022-05-19 20:24:50,황지호,,2022/2Q,2022
1657,2,불편한 사항이 생각보다 많음,2022-05-19 20:50:01,Suyoun Yun,,2022/2Q,2022
3115,5,♡♡,2022-05-19 22:04:21,말랑카우,,2022/2Q,2022
1386,5,일단은 지금까지 불편한건 그닥없어요.,2022-05-19 22:21:13,춘시미,,2022/2Q,2022
3109,1,노잼,2022-05-19 22:31:56,이정상,,2022/2Q,2022
578,5,훌륭한 작품들만 있는 플랫폼 티비연동시 넷플처럼 재생중 끈기는현상도 없음,2022-05-20 06:06:26,묘묘,,2022/2Q,2022
488,1,결제하려고 했는데 결제는 안되고 카드에서 2500원만 그냥 나갔네요 결제복구도 안되고 환불도 안되고 그냥 2500원 가져가시는건가요….? 너무 당황스럽네요,2022-05-20 14:40:35,다급한 땅콩,저기요…,2022/2Q,2022
3101,5,♡♡,2022-05-20 15:13:10,무비명장면,,2022/2Q,2022
3328,1,전혀요.,2022-05-20 16:16:51,sKi박형,,2022/2Q,2022
577,1,넷플릭스처럼 기능을 편하게 만들지 여긴 너무 불편함,2022-05-20 18:16:28,미스터킴,,2022/2Q,2022
1103,1,어플 진짜 개떡같이 만들어놨다 디즈니가 무슨 스타트업 어플보다 못하게만들어놨는지,2022-05-20 18:36:56,아홉열,,2022/2Q,2022
164,4,"번역이 이상한게 있네요 캡틴아메리카 시빌워에서 앤트맨 대사인데 ""날 고마워서 골라줘요""ㅋㅋㅋㅋㅋㅋㅋㅋㅋㅋㅋㅋ 대체 무슨말인징ㅋㅋㅋㅋㅋㅋㅋㅋㅋㅋㅋㅋㅋ 그리고 내가 못찾는건가... 시청내역을 못찾겠네요.",2022-05-20 18:59:43,2계,,2022/2Q,2022
345,3,제스쳐 탐색도 안되고 배속재생도 안되고 스마트 tv 리모콘 방향키 탐색기능도 지원 안되고. . .  너무합니다.,2022-05-20 19:29:36,임필뽕,디즈니 앱 개선하라요.,2022/2Q,2022
3091,5,구웃,2022-05-20 20:42:36,강비범,,2022/2Q,2022
1199,1,배속기능좀 넣어주세요,2022-05-20 22:14:46,희루다,,2022/2Q,2022
300,4,"좋아요^^ 더많은 더 다양한 영화,드라마 컨텐츠 부탁드립니다!!^^",2022-05-20 22:18:03,BLACK SQUAD,,2022/2Q,2022
649,4,편의기능 추가 필요,2022-05-21 00:21:29,이승호,,2022/2Q,2022
1655,5,우와 이거 넷플릭스로 마블 못보는데 개좋아,2022-05-21 09:23:21,게임 대신 안해주는 대타팬,,2022/2Q,2022
743,1,"어플, tv에서 사용이 너무 불편함,",2022-05-21 10:07:54,k포맨,,2022/2Q,2022
2293,5,너무 재미있어요,2022-05-21 10:25:55,박시율,,2022/2Q,2022
459,1,구독결제햇는데 다른안드로이드 기기에서 결제복구가 안되요,2022-05-21 12:59:48,아브락시스13,,2022/2Q,2022
247,5,디즈니는 물론 마블이랑 내셔널지오그래피 등등 다양한 프로그램들을 볼 수 있어 너무 좋네요~~!!,2022-05-21 13:22:03,문경민,,2022/2Q,2022
221,1,"1년으로 돈내고 계정 끊어놓고 있었고
1년 되지도 않았는데 멤버십 재가입 하라고 뜨네요
이정도면 먹튀 아닌가요 ㅎㅎ
처음 가입했을때도 오류 자주 나고 지금도 로그인 계속 안되고 팅깁니다 제발 코딩 ㅈ같이 짜지말고 앱 관리 좀 잘하세요",2022-05-21 14:28:56,쏠랑썰랑,진짜 뭐 같이도 만들어 놨네용,2022/2Q,2022
371,1,"업데이트후 느려졌음, 엄청 버벅거림",2022-05-21 14:48:21,홍후리리리,,2022/2Q,2022
1644,3,왜 자막이 없거나 더빙이죠????,2022-05-21 15:08:58,김민정,,2022/2Q,2022
3448,5,"구,",2022-05-21 16:25:04,준ᄉ,,2022/2Q,2022
148,3,"컨텐츠도 컨텐츠지만 UI 개선이 필요해보여요. 폰, TV 모두 조작 편의성이 떨어지네요.",2022-05-21 16:49:28,Song Raymond,,2022/2Q,2022
1613,1,돈은 받지만 작품은 안 보여줄 것,2022-05-21 17:48:15,뒷다리,,2022/2Q,2022
10,1,"도 망 쳐 !!!!!!! 넷플에서 보던 미드 시리즈가 디즈니로 넘어와서 어쩔 수 없이 넘어왔는데 정말 최악중에 최악입니다 ,, 오타가득한 자막(한 회에 10번 이상) + 번역가가 매 화마다 다른건지 한 시즌에도 수차례 바뀌는 인물들 간의 호칭 + 오랜친구사이인데 6시즌만에 갑자기 존댓말 번역이 되어있질 않나 ,, 정말 몰입도 와장창에 회차가 갈수록 짜증만 나욬ㅋㅋㅋ 인물관계를 하나도 이해하지 못하는 사람이 번역한 듯 ,, 이 외에도 화면잠금 없음, 홈으로 가려고 하단 슬라이드하면 마음대로 재생바 움직임, 아이패드로 시청 후 폰으로 넘어오면 시청한 회차 반영 안되어있음 등등 아직 결제 안하신 분들은 도망치세요. 몇개월 꾹 참고 시청하다 분노가 치밀어올라 살면서 처음으로 구글 리뷰 남겨욬ㅋㅋㅋ",2022-05-21 18:06:05,김현경,,2022/2Q,2022
211,1,왜 몇 주째 영상 재생이 안 되는 지요..? 영상 재생 오류라며 지웠다가 깔아도 계속 이러네요,2022-05-21 20:41:13,OZ오지,,2022/2Q,2022
1188,5,영화가 너무최고다.,2022-05-21 20:57:05,정경구,,2022/2Q,2022
1783,5,비싸서 안쓸랬는데 쓸만함 볼만합니다,2022-05-21 22:01:34,박건수,,2022/2Q,2022
3098,5,디즈니 킹왕짱,2022-05-21 23:17:23,치킨카레인가,,2022/2Q,2022
1055,1,다른건 2배속도 있는데...여긴 무조건 1배속,2022-05-22 00:32:36,정관용,,2022/2Q,2022
185,1,앱 무한로딩좀 해결해라. ㅈ즈니야. 국내 OTT 보다도 못한 앱 퀄리티 때문에 돈이 아깝다 심지어 안드로이드 디바이스 HDR10 지원 안해줌 병X같은 퀄리티,2022-05-22 04:50:45,What Seop,,2022/2Q,2022
19,2,"터치모드에 볼륨설정 없는게 불편해요. 재생배속이 없는것도, 자막이동 기능이 있으면 좋겠어요. 자막이 화면을 가려 중요부분을 놓칠때가 많아. 화면밖으로 내리면 좋겠어요.",2022-05-22 05:27:02,헵시바*줘우신*영애,,2022/2Q,2022
3082,5,굿,2022-05-22 08:10:00,무야호,,2022/2Q,2022
1458,2,리뷰대로 정말 불편하네요 ㅋㅋㅋㅋ 디즈닌데 이렇다니 대실망,2022-05-22 08:36:15,Jasmin Jung,,2022/2Q,2022
240,3,일반플레이어처럼.사용하기.편리해졌으면좋겠음. 폰으로보기.어둡고.불편해요.ㅜㅜ,2022-05-22 13:48:42,이금식,,2022/2Q,2022
549,1,"구독 해지했는데 왜계속 결제되는거죠????
5월달도 청구되었던데요 
확인해주세요",2022-05-22 14:21:52,구독해안됨,구독해지 했는데 계속 결제되고 있습니다,2022/2Q,2022
659,5,디플 오리지널 드라마 시리즈는 찐이다...,2022-05-22 15:03:09,ᄀᄆᄌ,,2022/2Q,2022
1113,3,사용 중 오류가 잦고 원하는 대로 사용하기에 불편함,2022-05-22 16:16:57,김태석,,2022/2Q,2022
2189,1,한국드라마가없다,2022-05-22 18:39:18,배상길,,2022/2Q,2022
1952,1,렉이 심하네요,2022-05-22 19:46:35,권준석,,2022/2Q,2022
3090,5,good,2022-05-22 22:37:52,Bong seok Jang,,2022/2Q,2022
243,5,스타워즈 좋아했는데 이렇게 대전투 이후가 그려져 좋네요! 너무 재미있네요,2022-05-23 00:00:21,Jason LIM,,2022/2Q,2022
665,1,재생이 되어야 보든지 말든지하지 무슨 재생조차 안되는 어플을 쓰려고 제가 달마다 돈을 처 내야합니까?? 평가 보니까 반년째 개선사항이 없던데 이따구로 운영하고 돈 받아 처먹을거면 아예 하지를마세요.. 간곡히 부탁드립니다,2022-05-23 02:23:38,epdhk wk,,2022/2Q,2022
2,5,"화면 밝기 조절 기능 없고, 앱 자체 팝업모드 기능 안드로이드만 미지원이라 갤럭시 내 팝업기능으로만 봐야한다는 점이 너무 불편합니다. 자막이야 옆동네 OTT서비스도 번역 이상한 점 많으니 그러려니 합니다. 단지 좀 더빙판이랑 자막 통일하던지 했으면 좋겠네요. 재생하면서 다른 회차나 다음 화 스킵도 가능하게 해줬으면 좋겠구요.",2022-05-23 03:53:10,lal la,,2022/2Q,2022
1200,1,기프트 카드 결제 안됨,2022-05-23 07:12:10,최재원,,2022/2Q,2022
374,4,앱사용이 많이 불편하네요..개선이 필요해보여요.,2022-05-23 13:48:54,崔C,,2022/2Q,2022
415,1,원본영화에 비해 삭제 장면이 너무 많다,2022-05-23 14:42:20,남주현,,2022/2Q,2022
3074,2,ㅣ1즞,2022-05-23 20:42:25,김화진,,2022/2Q,2022
1715,4,심슨가족 희고 작기까지한 자막 나므 안보여요 자막 보절할 수 있는 옵션주세요,2022-05-23 20:55:58,찬,,2022/2Q,2022
3077,4,좋아요,2022-05-23 22:55:25,김진현,,2022/2Q,2022
76,3,갤럭시탭s8울트라 쓰고 있는데 영상 화면 비율 사용자가 조절할 수 있는 기능이 있으면 좋겠습니다. 화면비율 조정이 그냥 확대만 되서 조정하면 비율이 엉망이네요,2022-05-24 00:58:26,축구는힙합이야,,2022/2Q,2022
9,1,저만 그러는건지 의문이네요 오프라인 저장 했다고 그러는지 저장한번 했다고 앱이 완전 먹통이 되버리네요 핀 번호는 맞게 입력해도 아니라 하고 앱 캐시 삭제했다가 앱 재설치 했다가 앱을 껏다 켯다가를 몇번씩이나 한지;; 운좋게 로그인 해도 뭔놈에 앱이 홈화면은 버퍼링 걸린상태지 인터넷 속도도 정상인데 영상을 볼수가 없네요 그냥 돈만 주고 앱만 구경하라는건지 좀 개선될게 굉장히 많네요 저만 이러면 괜찮지 모든 사람이 이런일을 겪으면 이거 산사람은 호구 아닌가요?,2022-05-24 01:56:32,이름값,,2022/2Q,2022
660,5,정말 볼게 많아서 정말 죠았어요 !!~,2022-05-24 11:00:37,thdalswn,잼이지,2022/2Q,2022
444,1,한국만 공개 느릴거면 그냥 한국지부 없애라..,2022-05-24 11:11:36,skatter,,2022/2Q,2022
250,4,"밝기, 음량, 재생 속도 조절은 언제쯤 될까요?",2022-05-24 11:47:30,L Moo,,2022/2Q,2022
3070,5,무야호,2022-05-24 13:01:04,권성민,,2022/2Q,2022
3085,5,좋음,2022-05-24 14:07:22,이창근,,2022/2Q,2022
3110,5,응애,2022-05-24 15:26:42,유선재,,2022/2Q,2022
1134,5,재미있는 프로 많이 더 추가해주세요~~~,2022-05-24 17:10:51,이효흔,,2022/2Q,2022
3078,5,굳,2022-05-24 18:48:55,이상민,,2022/2Q,2022
378,5,"콘텐츠들이 아주만족 스럽습니다 특히 스타 워즈, 마블 심슨",2022-05-24 23:14:18,여유은혜,,2022/2Q,2022
373,5,넷플 직원분들...굳이 악플 쓰러 오시지 않으셔도 됩니다..넷플에 없는게 디즈니+에는 있고 또 디즈니+에 없는건 넷플에 있는거 그것 뿐이니까,2022-05-24 23:16:43,answer Last,,2022/2Q,2022
372,1,자꾸 섬광 어쩌구 설명글이 화면에 나와서 불편해요,2022-05-24 23:18:16,물고기,,2022/2Q,2022
2222,4,보던곳 저장좀,2022-05-25 00:03:30,Y독기,,2022/2Q,2022
2935,5,좋아요~~^,2022-05-25 13:22:08,최현주,,2022/2Q,2022
210,3,디즈니플러스만 소리가 너무작아요... 다른ott에비해 볼륨이 너무작아서 컴퓨터나 티비로보다 다른 알람울리면 놀랍니다... 기본볼륨설정 좀....,2022-05-25 15:11:34,전지희,,2022/2Q,2022
2204,4,개그맨이냐?ㅋㅋㅋㅋ,2022-05-25 18:18:45,서윤서,,2022/2Q,2022
654,3,재밋는게 있지만 적다,2022-05-25 22:17:49,몬스터,,2022/2Q,2022
299,1,며칠전부터 접속이안되요.... 비밀번호 치고나선 계속 먹통인데 해결좀 해주세요...,2022-05-25 23:22:05,나나야,,2022/2Q,2022
1717,5,상상은 현실이 된다~,2022-05-26 00:33:09,김범진,,2022/2Q,2022
748,1,무한로딩안고침? 진짜 역대최악의 쓰레기어플임,2022-05-26 12:12:55,ckt hydy,,2022/2Q,2022
16,1,"갤탭s8u 상하좌우 레터박스 생기는거 굳이 기기의 전체화면 설정바꿔줘야하고 그래도 화질 개구짐. imax로 봐야 화질 볼만한데 대신 화면비가 매우 안좋음. 또한 심심찮게 앱 서버가 죽는건지 재생 안되는 상황 발생. 정말, 정말로 맘에 안든다",2022-05-27 10:25:25,anan,,2022/2Q,2022
973,2,"마블껀 동시 공개도 해주면서 왜 스타워즈는 항상 늦게 개봉하냐!!!
마블원샷이나 다른것도 오픈 안해주고!!!
디즈니 플러스 일 진짜 안하네..!!",2022-05-27 15:16:56,sogum0735,스타워즈도 동시개봉 해줘라!!!,2022/2Q,2022
1201,5,고전은 영원하다!,2022-05-27 19:50:28,Si Yoo,,2022/2Q,2022
1192,1,아시아나 한국영화 하나두없네요,2022-05-27 21:33:37,song 71,,2022/2Q,2022
763,1,흐기드럽게불편하게해놧네,2022-05-27 23:51:51,김주식,,2022/2Q,2022
179,3,한번 사고 저랑은 조금 안 맞는 것 같아서 구입 안 하고 그냥 깔아두기만 했는데 갑자기 혼자 결제가 되고 그러네요.. 환불 해주세요. 자고 일어났더니 결제 문자가 떴어요,2022-05-28 01:06:48,당신은그루ㅐ잇해여,구입하지 않았습니다,2022/2Q,2022
3076,5,마블굿,2022-05-28 06:07:58,ds1rmu,,2022/2Q,2022
350,1,사용해본 어플중에 가장 쓰레기 어플이네요. 문제점 1. 비밀번호 4자리를 정확하게 입력해도 틀렸다고 나옴. 2. 재생중 다릉화면으로 이동 후 다시 보려하면 안켜짐. 3. 로딩 너무 김.,2022-05-28 07:36:38,레드스무디,,2022/2Q,2022
1825,3,다음편 스킵 절실,2022-05-28 11:17:23,서성원,,2022/2Q,2022
351,1,번역가 좀 제대로 써라,2022-05-28 11:52:22,Master Noob,,2022/2Q,2022
3092,5,great,2022-05-28 13:45:29,UJIN KIM,,2022/2Q,2022
184,4,시리즈 다음편 이동버튼좀 만들어주세요 보다가 마지막에 수동으로 끄고 다음편직접누르는게 몇개는 있는데 그외엔 거의 없는듯요,2022-05-28 15:09:50,간다레이드,,2022/2Q,2022
526,3,먼가 불편한 인터페이스,2022-05-28 18:58:20,juhyuck yoon,,2022/2Q,2022
3079,5,좋아요,2022-05-28 19:54:21,이정연,,2022/2Q,2022
1196,4,다 괜찮은데 자막이 불편해요,2022-05-28 19:57:43,서재린,,2022/2Q,2022
142,1,나라마다 차별하는것도 아니고 스타워즈 드라마 보려고 했는데 왜케 늦게 나오나요? 스타워즈는 한국에서 인기 없으니까 신경 안쓰는건가요? 디즈니 플러스에서 누릴수있는 모든걸 돈주면서 누리겠다는데 왜 외국인들 새로나온 드라마 보면서 즐기고 있을때 한국에 있는 사람들은 vpn로 우회해서  어거지로 즐겨야하죠? 이딴게 디즈니 코리아식 운영이면 구독 끊을게요 마블만 챙기지 마시고 일 좀 하세요 대기업이면 스타워즈가 ㅈ으로 보이시나,2022-05-28 20:34:07,인사하는사인,디플 장난함?,2022/2Q,2022
660,2,컨텐츠가 여전히 부족한듯,2022-05-28 23:01:40,김태완,,2022/2Q,2022
195,1,"알람만오고 끄는메뉴도 어렵고, UI최악..다른 회사에 비해 급조한 티가 팍팍",2022-05-29 07:53:21,이슨제,,2022/2Q,2022
745,5,영화 볼께없었는 잘됐내요^^,2022-05-29 08:49:13,김서은,,2022/2Q,2022
648,5,역시 스타워즈 시리즈는 최고네요,2022-05-29 11:38:50,록키산맥,,2022/2Q,2022
8,4,"배속기능 넣어주세요 영상 보는데 불편함이 있습니다.
다른건 너무 만족스러워요",2022-05-29 17:06:15,아ㅏㅏㅏㅏㅏㅏㅏ타ㅏ타타탙,배속기능 필요!!!!!!!!!합니다!!!!!!!!!!!!,2022/2Q,2022
544,1,"혹여나 환불 받으려면, 못 받아요.
환불 정책 이상하네요.

생돈 날리지마시구 다른 서비스 이용하시길…",2022-05-29 17:10:04,skiller03,1년 구독하지마세요,2022/2Q,2022
3084,5,Interesting~!,2022-05-29 17:52:10,김명재,,2022/2Q,2022
3073,5,괜찮아요.,2022-05-29 21:01:58,이왕기,,2022/2Q,2022
756,1,신작의 공개일자가 미국보다 일주일이상 늦는게 문제,2022-05-29 21:07:21,Jun Yeon Cho,,2022/2Q,2022
304,1,우리나라 환경에서도 이렇게 버벅되면 다른나라에선 어떻게 사용할지...,2022-05-29 22:39:52,Hosoon Lim,,2022/2Q,2022
1203,1,회원가입부터별로임,2022-05-29 22:41:45,건강하자건강하자,,2022/2Q,2022
1740,5,재미있네요. 디즈니,2022-05-30 00:00:13,이재환,,2022/2Q,2022
891,1,리뷰에 답글도 없고,2022-05-30 00:29:47,게임비는네기쏴라,리뷰 관리 안하나봄?,2022/2Q,2022
641,1,핸드폰에서 글씨가 너무 큽니다!!,2022-05-30 09:57:45,LeeJeongPyo,핸드폰 자막 크기 설정하는 거좀 넣어주세요.,2022/2Q,2022
657,4,영어여서 아쉽네요.,2022-05-30 15:18:31,슬라&킬{게임채널},,2022/2Q,2022
189,1,갤럭시 플립3 어플 안됩니다. 첫화면 로딩화면만 돌고 넘어가질않아 작품목록은 아예안나오네요.,2022-05-30 17:34:30,정혜림,,2022/2Q,2022
641,1,아니 뭐 여기 뭐가있는지 둘러볼려고 해도 무조건 구독부터 하라네 ㅋㅋ안본다안봐,2022-05-30 22:36:50,김건호,,2022/2Q,2022
1197,4,자막 검은배경 빨리 없애주세요ㅠ,2022-05-31 04:31:52,yj g,,2022/2Q,2022
1446,1,앱이 진짜 허접하다.. 초대기업 디즈니가 만든게 맞나 의심스럽다.. 대학교 과제로 낸 어플수준임..,2022-05-31 11:07:27,Deviant unknown,,2022/2Q,2022
449,1,아니 인터넷 잘만되는데 뭔 인터넷이 연결이 안 돼 있다고 오류가 뜹니까,2022-05-31 13:46:05,Mr K,,2022/2Q,2022
433,5,"왜 늬들만 보냐 같이 좀 보자
이 민족주의 파시스트 러시안들아",2022-05-31 16:24:20,뿔팬더,나도 보고싶다,2022/2Q,2022
215,5,재미있는 마블이 가득해서 좋습니다 더빙도 있어서 아이들이 보기 편하고 좋아요,2022-05-31 16:59:05,k2w !!,,2022/2Q,2022
1193,1,갤20울트라에서 재생이 안돼,2022-05-31 20:21:46,David Oh,,2022/2Q,2022
1204,1,pip기능이 없음,2022-05-31 21:15:11,두산,,2022/2Q,2022
3086,1,Can not login,2022-05-31 21:50:03,j pro,,2022/2Q,2022
1202,2,배속기능 좀 제발 만들어주라!!!!!!!!!!!!,2022-06-01 00:46:28,차가운핫초코,,2022/2Q,2022
293,1,야밤에 해지할려고 난리났네 다사를 통해 결제를 했는데 해지가 버거러워 죽겠어요 내일 고객센터를 통해 해지하고 다시는 이용 안할 생각입니다.0,2022-06-01 01:58:11,Ilina Dyo,,2022/2Q,2022
656,1,켜자마자 무한로딩으로 사용불가,2022-06-01 02:20:24,Kwang Young Cho,,2022/2Q,2022
2250,5,안녕 하세여 입니다,2022-06-01 03:32:09,김성호,,2022/2Q,2022
651,4,빠른재생 배속이 안됨,2022-06-01 09:49:14,Dong-su Seo,,2022/2Q,2022
398,1,"아이패드로 보는데 영상 잠시 정지했다가 다시보면 항상 오류뜨고, 갑자기 어플종료되면서 튕김. . .  은근히 스트레스임",2022-06-01 13:05:09,병아리콩쌀과자,자주 튕기고 오류도 많아요 ㅠ,2022/2Q,2022
1634,1,카카오페이로 결제 가능하게 해주세요.,2022-06-01 13:40:59,임채윤,,2022/2Q,2022
191,2,보고싶은미드가 여기밖에 없어서 어쩔수없이 결제했는데 어플이 정말 별로네요 자막도 번역기돌린거같고 이거보면서 다른어플쓸수없는게 제일 불편하네요,2022-06-01 16:17:57,정현,,2022/2Q,2022
1194,1,잡오류 너무많다,2022-06-01 16:30:33,김준수,,2022/2Q,2022
2430,1,안열려요 앱자체가,2022-06-01 18:16:46,노현재,,2022/2Q,2022
3093,4,10th the i,2022-06-01 18:18:40,함충열,,2022/2Q,2022
3072,4,좋아요♡,2022-06-01 22:27:35,이만석,,2022/2Q,2022
3168,5,미키막우스,2022-06-01 23:22:07,CEO Kwon,,2022/2Q,2022
835,1,로그인이 30분째안되고있어요ㅡㅜ,2022-06-01 23:52:10,seo suhyung,,2022/2Q,2022
2217,3,설치가안되는데 원인을 모르겟습니다..ㅜㅜ,2022-06-02 02:25:52,남경호,,2022/2Q,2022
3069,5,너무 재밋음,2022-06-02 04:51:02,gyu Young,,2022/2Q,2022
713,2,"폰으로 보기 불편
한달정도 보기괜찮을거같네요",2022-06-02 05:13:00,쪼롱01,"자막불편, 작동불편",2022/2Q,2022
161,1,갤럭시탭S8+ 에서 오프라인저장해서 사용하는데 실행하면 계속 로딩만 되고 볼수가 없네요.,2022-06-02 08:39:18,안창수,,2022/2Q,2022
89,3,배속 좀.. 제발......,2022-06-02 13:12:02,ㅎㅇㅎㅇㄹㅎ,배속 기능 좀 만들어 주세요,2022/2Q,2022
653,1,주기적으로 무한 로딩하는 최악 앱,2022-06-02 19:57:39,김형철,,2022/2Q,2022
1176,5,재미있고 감동적이예요.,2022-06-02 20:08:44,신지연,,2022/2Q,2022
655,4,다 좋은데 pip는 솔직히 업데이트합시다,2022-06-03 10:28:42,오늘오늘 뭐 먹지?,,2022/2Q,2022
860,5,너무좋아요,2022-06-03 10:32:47,아쿠아다,너무좋아,2022/2Q,2022
449,3,구독 취소 했던 것 같은데 취소가 안됐는지 자동 결제가 되었어요 ㅠㅠ 환불해주세요 ㅠ,2022-06-03 12:00:19,미융미융9810,환불해주세요,2022/2Q,2022
3068,3,😅😼😽🙆👽🦬🦁🦧🦧🙆😆🙂😓🙆🙂🥺😆🥱🙂🦧🦧🙆😆🙂😓🙆🙂🥺😆🥱🙂😅😼😽🙆👽🦬🦁🦧🦧🙆😆🙂😓🙆🙂🥺😆🥱🙂,2022-06-03 19:13:43,Steve Lee,,2022/2Q,2022
1714,1,배속 왜 안되냐 씹즈니,2022-06-03 19:20:45,925 925,,2022/2Q,2022
1191,5,말이 많아 그냥 보기싫으면 보지마 딴거봐 이십장생들아,2022-06-03 22:32:33,강경휘,,2022/2Q,2022
3094,5,👍,2022-06-03 22:44:16,이선희,,2022/2Q,2022
3071,5,그러거럭,2022-06-04 00:31:23,배달하는바이올린,,2022/2Q,2022
413,1,배짱장사라는게 얼마나 무서운지 덕분에 아주~~~ 잘 알았습니다 디즈니 ip하나 믿고 편의기능 추가/개선 따윈 당연히 할 생각도 없겠죠,2022-06-04 00:55:18,THyun K,,2022/2Q,2022
303,4,관심 컨텐츠에 등록해둔 영화들이 다 표시되지않아요. 꼭 수정해주세요;;,2022-06-04 08:06:50,으아아,,2022/2Q,2022
3087,3,볼게 적어서...,2022-06-04 10:45:53,이동건,,2022/2Q,2022
3083,5,굿,2022-06-04 13:43:00,오준서,,2022/2Q,2022
188,1,자막 크기 조절 없어 영상 밝기 조절하는 것도 없어 심지어 영상 로딩도 안 되는데 도대체 앱으로 뭘 하라는거지,2022-06-04 13:48:33,HYERIM lee,,2022/2Q,2022
650,5,너무나도 기분이 너무나 좋아요ㅎㅎ,2022-06-04 16:40:24,훗훗잎,,2022/2Q,2022
2224,1,별 하나가 아까운 앱,2022-06-04 17:29:56,Geunyoo Lee,,2022/2Q,2022
1720,5,재미 있네요,2022-06-04 19:07:42,윤댕윤댕,,2022/2Q,2022
8,1,"영화를 보던중 전화가 와서 나갔다 들어오면 화면이 심각하게 깜빡거리면서 재생이 0.5배로 느려짐, 뒤로가기 했다 다시 들어가면 검은화면만뜨고 자막만나옴, 또 10초 건너뛰거나 뒤로가면 무한 버퍼링이 뜨면서 재생이 안됨, 나갔다 들어와도 그모양이고, 지웠다 깔아야 리셋되는 개같은 쓰래기앱. 진짜 이번만 참고 안산다 망할앱아",2022-06-04 20:42:05,한서BS,,2022/2Q,2022
348,1,마블 드라마 계열은 왜 화면을 작게 만드는 거임? 폰으로 보면 마블 드라마만 화면 공간 좌우상하 여백 장난 아니야 확대라도 되게 만들던가,2022-06-04 21:51:06,Wolf Pack,,2022/2Q,2022
194,3,다 좋긴 좋은데 번역이 무슨 구글 번역기를 돌린 것 같음 전부터 있던 문제점인데 아직도 안고치고 대체 뭐하는건지;,2022-06-04 22:32:50,Peggy Cutter,,2022/2Q,2022
1190,4,역시 가족은 사랑이 최고죠.,2022-06-04 23:54:06,박상덕,,2022/2Q,2022
1719,5,설레임 폭발~~^^,2022-06-05 00:09:06,이윤희,,2022/2Q,2022
643,1,만들다만걸 돈 받고파네 할말이 너무 많아서 안한다,2022-06-05 00:52:17,이종민,,2022/2Q,2022
1198,3,생각보다 많은 컨텐츠 없네요,2022-06-05 05:59:13,조일수,,2022/2Q,2022
1467,5,재밌게 봐요 넷플릭스 안보고 디즈니 플러스 만 봐요 영화 짱,2022-06-05 07:05:51,Google 사용자,,2022/2Q,2022
2200,5,좋아요~^^,2022-06-05 08:20:32,김김란희,,2022/2Q,2022
3081,5,좋아요,2022-06-05 13:47:07,이뷰리풀,,2022/2Q,2022
147,3,다음화로 넘어가기가 영상 끝나고 뜨는게 아니라 화면이나 아래 바에 떴으면 좋겠어요.. 너무 불편 쓸데없는 기능없이 깔끔해서 좋긴한데 로딩도 길고 디즈니본사한테 무슨 말을 못하니 원..,2022-06-05 15:04:59,점점,,2022/2Q,2022
3260,5,조아여,2022-06-05 15:14:12,Hoseob Sim,,2022/2Q,2022
711,4,재밌거든요. 근데 기간이 저는다끝나가지고 불편합다. 그리고이거깔면 돈내야 합니다. 저는이부분이불편합니다.기간만없세줬으면 좋겠습니다.돈내는것도😂😅,2022-06-05 15:20:41,김진숙,,2022/2Q,2022
3080,5,좋아요,2022-06-05 16:00:07,Tony Heo,,2022/2Q,2022
446,5,토이스토리 단편 스토리보면서 힐링합니다,2022-06-05 18:00:16,유르스,,2022/2Q,2022
575,3,다 좋은데ㅋㅋ 자막이 안 보여요 아니 더빙 안된 영상은 어떻게 보라는 건지 참ㅋㅋ..;,2022-06-05 18:25:23,호야무,,2022/2Q,2022
3043,3,느려,2022-06-05 22:27:20,a C,,2022/2Q,2022
658,5,신작이 많이 업뎃되면좋겠음,2022-06-05 23:46:19,과묵,,2022/2Q,2022
1721,1,Pc묻은 쓰래기답네 ㅋㅋㅋ,2022-06-06 00:11:35,김재준,,2022/2Q,2022
3075,5,재미있어요,2022-06-06 01:49:43,윤대훈,,2022/2Q,2022
2,5,1년권 끊고 한 달만에 후회했는데 문나이트로 뽕 뽑음.  문나이트만 한 다섯번째 돌려보는 중이다. 진짜 취향에 맞는 작품 하나만 걸려도 ott는 돈이 안 아까움.,2022-06-06 05:58:35,양털끄트머리,하나만 걸려도 충분하다,2022/2Q,2022
216,5,많은 디즈니 영화와 마블 영화까지 싸고 많이 볼수있는게 좋고 앱도 제생각에는 조작법도 쉽고 그래서 굉장히 먀족하고 있어요,2022-06-06 13:54:43,P I,,2022/2Q,2022
3089,5,잼,2022-06-06 16:41:40,이종욱,,2022/2Q,2022
3088,3,볼거없음,2022-06-06 17:47:46,안명훈,,2022/2Q,2022
301,1,"링크 실시간 스트리밍 서비스 된다고 알람 와서 보려는데 ""회원님 지역에서는 이용불가""뜨네요.참 거지 같네요.",2022-06-06 20:33:33,김원호,,2022/2Q,2022
2247,5,끝내줘요,2022-06-06 22:15:58,김승록,,2022/2Q,2022
1205,1,앱 실행 안됨,2022-06-06 22:49:26,박정민,,2022/2Q,2022
1938,2,언제 넷플릭스따라갈새,2022-06-06 23:05:09,01 00,,2022/2Q,2022
703,5,보지 못한것들 보니까 정말로 좋았습니다,2022-06-06 23:53:56,종선우,,2022/2Q,2022
193,3,"일단 뭐 디플이 한국에 들어와서 정말 좋긴합니다. 그런데 자막이 어색한거야 그렇다치고, 앱 자체의 팝업 기능이 없고, 중간중간 자막이 없는 구간도 있습니다. 그리고 컨텐츠 차별...... 마블은 그렇게 챙기고 그 외 다른 컨텐츠는 (ex. 스타워즈) 뭐 새로운게 나와도 한참 뒤에야 추가시키고 이게 맞다 생각합니까? 덕분에 vpn켜서 봐야하고 돈내고 보는 한국 사람들 호구로 보나요? 다른 컨텐츠도 동시공개에 신경 써주셨으면 좋겠습니다.",2022-06-07 02:11:30,bella ciao,,2022/2Q,2022
142,2,"시리즈 시청중 목록보기, 다음화,이전환 바로가기 등 내가 시청중이던 내용 다시보면 그 시리즈를 계속 시청할수있는게 아니라 그편만 딱봐도 지는 부분들 불편한점이 많아요",2022-06-07 04:07:32,킴민지,,2022/2Q,2022
310,1,"넷플은 휴대폰아이패드번갈아봐도 연동이 잘돼는데
디플은 왜이래요 와이파이문제인가싶었는데 그것도 아니고 느려터졌어요
하 보고싶은게많아서 그냥스트레스받으며 쓰고있는데
정말답답하네요",2022-06-07 07:00:17,왜. 뭐.,휴대폰이랑연동이 왜이렇게 느린가요,2022/2Q,2022
302,1,탭 s8 울트라로보면 좌우 여백이 많이생깁니다,2022-06-07 11:04:35,ᄋᄋ,,2022/2Q,2022
1660,2,볼게없다는 단점,2022-06-07 14:06:02,ᅲᅲ,,2022/2Q,2022
1269,1,"무슨 컨텐츠가 있는지 확인을 하고 결제를 해야 하는데, 결제를 해야 입장이 가능하면 어떻게 사용하라는 건지...",2022-06-07 18:46:12,알사,,2022/2Q,2022
3442,5,잼나게 보겠습니다,2022-06-07 19:20:04,GAYEON,,2022/2Q,2022
1322,5,너무좋아요~^^,2022-06-07 21:23:55,조순학,,2022/2Q,2022
1787,4,1.25배나 1.5배등 배수쫌 많들어줘요,2022-06-07 23:06:50,mm g,,2022/2Q,2022
187,2,"OTT 앱들 중 기능은 제일 후짐. 배속 기능 없고 자막 오류, 오타 너무 많고 PIP 기능, 잠금 기능도 없음.",2022-06-08 01:07:25,Ame,,2022/2Q,2022
349,1,"번역이 너무 지멋대로 인것같아요. 반말하던 시즌1 이라치면 시즌 3에서 아니면 몇화가 지나고 높임말하고, 왓다갓다하는 번역에 몰입도가 떨어지고 짜증나요",2022-06-08 01:14:36,ran park,,2022/2Q,2022
3022,1,앱까는게 안되네요.... mac os high sierra 10.13인데...,2022-06-08 08:08:55,이상원,,2022/2Q,2022
3067,5,👍,2022-06-08 08:32:51,민준,,2022/2Q,2022
642,3,화면 졸라 불편하네 볼륨 조절도 따로 없고 창모드도 없고 무슨 아마추어가 만들었나,2022-06-08 08:38:24,이영환,,2022/2Q,2022
2248,2,볼게 없음,2022-06-08 11:40:26,여준호,,2022/2Q,2022
328,5,다 좋습니다,2022-06-08 11:53:48,쇠붙인코,다 좋은,2022/2Q,2022
727,1,"오비완케노비 재생이 왜 안되나요?
젠장 돈 받으면서 왜 안되는지도 공지가 안되네요.",2022-06-08 14:30:47,mad0614,오비완,2022/2Q,2022
2299,1,어플이 실행이 안되네요,2022-06-08 17:27:10,JongHoon Baek,,2022/2Q,2022
3424,5,굿,2022-06-08 21:21:45,진현진,,2022/2Q,2022
1718,1,배속재생좀 ㅠㅠ,2022-06-08 23:47:25,차종진,,2022/2Q,2022
710,1,결제를 이미 하고 돈도 빠저나가는 거를 확인했는데 구글 계정이 불일치 하다고 안된다고 해서 다시 결제 할려고 했는데 또 구글 이메일이 불일치 하다고 안된다고 하는데 구글 이메일 접속하는 창이라도 뜨면 모르겠는데 계속 안된다고만 해서 앱을 삭제 했다가 다시 깔려고 하는데 오류만 뜨면서 다운조차 안된다고 하네요,2022-06-09 00:32:41,olb,,2022/2Q,2022
345,1,2배속좀 만들어라 ui그냥 넷플릭스 유튜브 따라하면 안되겠니!!!,2022-06-09 00:41:06,true9 kim,,2022/2Q,2022
197,3,다 좋은데 자막 좀 보이게 만들어주세요. 너무 얇아서 어두운 화면에서 보이질 않아요.,2022-06-09 15:40:02,david park,,2022/2Q,2022
818,1,"OTT 중 최악 , 돈 아깝다",2022-06-09 15:54:24,정다현,,2022/2Q,2022
196,3,자막이 마음에 안듬 글자크기를 더크게 할수있거나 글자 테두리 굵기를 더 굵게 했으면 좋겠어요,2022-06-09 16:33:19,김영준,,2022/2Q,2022
644,1,로그인 진짜 안됨. 망하는 이유가 있네!,2022-06-09 17:40:33,[virus] Nico,,2022/2Q,2022
1206,3,계속 앱 진입 안됨,2022-06-09 18:12:57,윤빈영,,2022/2Q,2022
3253,1,그냥 쓰레기임,2022-06-09 19:10:13,박동재,,2022/2Q,2022
3062,5,꿀잼,2022-06-10 11:06:08,짜짜라,,2022/2Q,2022
724,1,아니 왜 갑자기 접속인 안되나요?? 어제 오늘 접속이 아예 안됨,2022-06-10 16:57:05,인천진혁은우아빠,,2022/2Q,2022
1716,5,볼거 많아서 죠음,2022-06-10 17:25:44,애옹애옹,,2022/2Q,2022
1270,5,콘텐츠는 역시 디즈니인데 추천 알고리즘이 아직은 좀 구리다. 특히 넷플이랑 비교하면,2022-06-10 17:44:01,D. S.,,2022/2Q,2022
2339,1,탭에서는 왜 사용이 안되죠?,2022-06-10 20:23:57,이지민,,2022/2Q,2022
1186,1,이거를 앱이라고 만든거요??? 이거 뭐 이따구로 만든거요??? 개선해주시오.,2022-06-10 22:28:17,김민성,,2022/2Q,2022
245,3,불편해 넷플처럼 멀티 보기기능도 안되고 빠르게 감기도 안되고 불편,2022-06-11 02:07:20,부자가 된다나는5년안에 500억,,2022/2Q,2022
238,1,아이들은 좋아할만한데 어른들은 볼만한게 너무 없네요 영화도 오래된거 뿐이고,2022-06-11 07:44:14,웅김,,2022/2Q,2022
647,4,너무너무 좋아요 근대 용량이너무 만아요,2022-06-11 10:01:47,황희원,,2022/2Q,2022
617,5,어제까지 작동이 되다가 오늘갑자기 앱이 실행이 안되네요 지웠다가 다시깔아도 어떻게 해야되나요?,2022-06-11 12:20:41,송일훈,,2022/2Q,2022
3423,5,굿,2022-06-11 12:50:15,유성곤,,2022/2Q,2022
33,1,"진짜 욕 나오는 앱입니다. 영상 보려고 들어가면 로그인부터 말썽에, 여차저차 영상을 클릭하면 무한 로딩에 걸리는 경우가 대부분이네요. 그래서 그냥 컴퓨터 키고 봅니다. 이건 뭐 영상을 핸드폰으로 보라는건지 말라는건지? 넷플처럼 깔끔하게 앱 작동하는 경우를 본 적이 없습니다. 최악의 스트리밍 앱입니다.",2022-06-11 13:03:28,S PARK,,2022/2Q,2022
3058,5,잼나요,2022-06-11 17:08:08,장영석,,2022/2Q,2022
640,1,아주 어렵고 하기힘듬,2022-06-11 19:31:26,이주연,,2022/2Q,2022
151,1,Vod 다운로드가 있으면 오프라인 상황에서도 볼 수 있게 해줘야지 데이터 안되는 상황이라고 어플 자체를 못 쓰게 하면 어떡하나요? 다른 vod 어플들 다 그렇게 하는데 디즈니라는 큰 곳이 왜 이 모양인지 다운로드 된다해서 멤버쉽 결제했는데 돈 날렸네,2022-06-11 22:24:27,오민석,,2022/2Q,2022
355,5,재미나게 보고 있는데 더 다양한 장르와 더 많은 작품 보여주세요,2022-06-11 22:31:07,이인영,,2022/2Q,2022
652,4,스마트TV 에서자막이 너무 작아요,2022-06-12 01:23:05,이선형,,2022/2Q,2022
843,5,볼만한게 업계에서 제일 많네요,2022-06-12 04:25:32,Penn RealRize,,2022/2Q,2022
2162,5,너무좋아요,2022-06-12 09:49:39,송가치,,2022/2Q,2022
972,1,자막꼬라지 레전드임,2022-06-12 10:02:18,ㅁㅇㅈㅅㅌㄴㄹㄷ@:,.,2022/2Q,2022
141,4,디즈니 만화영화 마블 등과 옛날에 나왔던 영화들 볼수있으며 현재는 드라마 제작되어 나오는게 좀 있음 계속 드라마 영화 등 추가로 더 나오면 좋을거 같고 Pip모드 없고 재생 중에 화면 밝기나 화면배속 등 설정 자체가 아예없어서 그걸 개선하면 더 좋을 것 같아요,2022-06-12 14:05:28,천희망,,2022/2Q,2022
143,1,요즘세상에 배속이 안되는건 말이안됨. 버퍼링 오지게 걸림. 그리고 검색 엔진이 너무 멍청함. 물란이라고 검색하면 검색결과가 안 뜸. 넷플릭스는 소재만 검색해도 관련 영화가 다 뜨는데. 얘는 제목오타난것도 캐치못함,2022-06-12 18:29:02,불량펭귄,,2022/2Q,2022
198,2,왜 오타쿠 애니메이션까지 욕심을 보이는지 모르겠네요 디즈니는 일본산 애니메이션과 관련이 없는 회사라 시청자 입장에서는 접근성이 완전히 꽝입니다.. 라프텔과 넷플릭스로 해결하는중인데 여기에 디즈니가 껴드는건 좀 아니지 않나요? 디즈니는 보유중인 IP만으로도 충분하다못해 넘쳐보이는데 적당히 만족했으면 좋겠습니다 여러가지로 부정적으로만 보이는게 사실이에요,2022-06-12 20:57:29,쪽글,,2022/2Q,2022
223,1,영상컨텐츠중에 앱 기능이 제일 구리다. 후발주자인데 이럴수있나 싶음,2022-06-13 06:48:57,M J,,2022/2Q,2022
440,5,아이랑 함께 볼 수 있는게 많아서 좋네요~^.^,2022-06-13 08:33:03,PassionLee,너무 좋네요~,2022/2Q,2022
1187,5,한국어 더빙 좋아요,2022-06-13 12:00:38,juhyung lee,,2022/2Q,2022
3026,1,최악의 OTT,2022-06-13 13:48:20,정다시,,2022/2Q,2022
190,1,발열도 심하고 무한로딩에 앱 버벅거리는게 하루이틀이 아님 진짜 최악의 OTT 서비스 앱인듯.. 어플 진짜 대대적인 개선이 필요해보임 뭐 하나 보려다가 승질버리겠다 진짜,2022-06-13 16:42:05,SY G,,2022/2Q,2022
645,1,자꾸 끓기고 잘 들어가지도 않음,2022-06-13 19:38:52,송윤영,,2022/2Q,2022
270,1,"자막 세부설정도 안되고 터치도 진짜 불편하게 돼있음,,

+)어플 진짜 쓰면 쓸수록 거지같네;;;;;
컴퓨터로 보면 내가 어디까지 봤는지 기억 절대 안해줌 ㅋㅋㅋㅋㅋㅋㅋ 이딴게 다있냐
그간 접해본 플랫폼 중에 제일 쓰레기임",2022-06-14 00:56:50,익명ㅇㅇㅇㅇ,개같은 앱,2022/2Q,2022
155,1,"어플 불편한건 둘째치고 번역때문에 참고본거 그냥 해지함,... 영화 원본언어로 보는걸좋아하는데 번역이 한국어랑 비교하면 봐야하는수준",2022-06-14 08:43:34,민트맛짜장,,2022/2Q,2022
186,3,넷플릭스를 좀 오래 썼던 입장으로서 아직 부족한 점이 많이 보이네요.. 어찌보면 사소한 차이지만 그게 쌓이다보면..,2022-06-14 13:16:30,ᄋ해,,2022/2Q,2022
857,1,"Terrible UI.
I think Disney has to develop ui design.",2022-06-14 14:59:49,Bopibbo,Terrible UI,2022/2Q,2022
971,1,"스킵할때 렉도 잘걸림,,,,걍 앱 자체가 넷플릭스에 비하면 너무 구려요...검색엔진도 구림...오타 살짝만 나도 못알아먹더라..",2022-06-14 15:45:59,용감한 포메,요즘세상에 배속이 안된다? 진짜 구닥다리..,2022/2Q,2022
2727,5,꿋꿋이 많이 있습니다,2022-06-14 17:09:07,김경화,,2022/2Q,2022
2246,5,와칸다 뽀에버,2022-06-14 17:29:16,진뽀빠,,2022/2Q,2022
2190,5,ㅡㆍㄱㅋㅜㅜㄴ2ㅡ녀ㅕ네르ㅜ 노르웨ᆢ이숲 ㅕㄱ ㅛᆢㄴ극ㆍㄷ 아 나 르그ㅡㅡㅡㅡㅜ ᆢ든ᆢㅏㄴㆍ눈 ㅡㅜㅜㄴ2ㅡ녀ㅕ네 ㄱ,2022-06-14 17:50:26,cheolwoo Lim,,2022/2Q,2022
693,2,수상한 파트너 지창욱씨 한국 드라마 많으면 좋겠어요,2022-06-14 21:13:00,윤경현,,2022/2Q,2022
131,2,"자막 이외에 음성으로 소설글 읽듯 상황 설명하는건 신세계라 너무 좋은데... ui 불만도 그렇고 가장 큰 불만은 다른 ott들은 2배속이 있고, 넷플릭스도 1.5배속이 있는데(넷플릭스도 1.5배속이 최대인건 별로임) 디지니는 가장 큰 약점이 배속이 없다는 것때문에 별점 2개...",2022-06-14 21:47:14,김상회,,2022/2Q,2022
145,2,앱 자체가 다른 ott 앱들 보다 성능이 떨어집니다. 그리고 왓차처럼 이중자막도 지원해주시길 간절히 바랍니다.,2022-06-15 00:47:15,진소연,,2022/2Q,2022
1845,1,앱이 10초 앞으로 하다 보면 튕깁니다.,2022-06-15 01:31:27,꽁이맹,,2022/2Q,2022
171,4,"애니메이션 보다보면 로컬라이징이 구석구석 돼있는데 로컬라이징을 하는거 까지 괜찮은데 퀄리티가 너무 구려요 번역도 구리고 디자인이나 폰트도 구리고요
차라리 로컬라이징이 아예 안된 버전을 보고 싶네요",2022-06-15 08:06:23,뷰부부븁,로컬라이징 좀 제대로 해주세요,2022/2Q,2022
2809,1,1.5배속 달라고....,2022-06-15 09:53:27,장용호,,2022/2Q,2022
1189,1,최악 앱이 자주 안열림 내돈내고 스트레스,2022-06-15 10:58:47,정규용,,2022/2Q,2022
576,1,화면잠금도없고 팝업또한없고 최소화도안대고 최악이네요,2022-06-15 12:37:00,뀰나영튜브,,2022/2Q,2022
1629,3,넷플릭스보다 보기 불편,2022-06-15 12:37:26,김두식,,2022/2Q,2022
746,1,앱 사용이 너무 불편해요 완전 1세대같은 개선되기 전까지 사용할 일 없을듯 합니다.,2022-06-15 16:01:49,Songha,,2022/2Q,2022
1195,1,네트워크 오류가 자주남,2022-06-15 19:22:41,울한,,2022/2Q,2022
289,1,"팝업도 안되서 갤럭시팝업으로 띄워야하고 검색안되고 분류도 잘안되있고...심지어 속도조절도안되는것같고. 넷***, W****,T**** 등과 비교했을때 너무 앱의 편의성이떨어집니다. 앱깐지이틀째인데 이번달만보고 가렵니다....불편해서 차라리안쓰는게낫겠어요.",2022-06-15 22:36:14,Boyoon Choi,,2022/2Q,2022
290,5,재밋고간편하고저장하고더좋은앱은없는것같아요,2022-06-15 22:40:57,Hyemi Jeong,,2022/2Q,2022
1795,5,너무 재미있어요 추천합니다!!,2022-06-15 23:34:09,곰툰,,2022/2Q,2022
3060,5,좋으다,2022-06-16 01:49:30,김영건,,2022/2Q,2022
448,1,편집된 부분이 너무 많습니다. 데드풀 같은 경우엔 제가 몇번 정주행한 영화인데 제대로 나오는 부분은 단 한곳도 없더군요.,2022-06-16 09:46:21,허재석,,2022/2Q,2022
3403,5,킹갓마블꿀잼,2022-06-16 15:02:46,김기범,,2022/2Q,2022
156,1,배속안됨. 자막크기조절불가능. pip미지원. 버벅거림. 제일 빡치는거 자막. 뭔 몇화마다 번역가가 달라지는지 존댓말하던 사이가 갑자기 야너거리고 인물이름을 틀리질않나 작품몰입 방해에 아주 큰 영향을 줌.. 최소한 작품을 본 사람이 해야하는 거 아닌가..ㅠㅠ 덕분에 쉐도잉하고있습니다,2022-06-16 16:31:04,mwm wmw,,2022/2Q,2022
182,3,자막크기 작아서 어쩔수 없이 기기설정 바꿔야함..디플보다 유튭더많이보는데 유튜브자막이 엄청커졌다................,2022-06-16 19:07:29,쿠야,,2022/2Q,2022
1163,1,왜 자막이 안나오나요....??????,2022-06-17 02:40:02,재원,,2022/2Q,2022
417,1,아니 오비완 케노비 딴 나라는 지금 5편까지 나왔다는데 한국은 왜 3편까지밖에 안 나와있나요? 업데이트 좀 하세요.,2022-06-17 10:39:27,유태성,,2022/2Q,2022
139,1,배속. 데이터다음영상자동재생 안됨. 화면밝기조절안됨. 볼건 심슨가족 밖에 없음. 다른건 시리즈물 번역 완전 구림. 배속이 안 되는 건 그렇다 치고 다음영상 자동재생이 안되는건🤦‍♂️ 문의했더니 와이파이만 자동재생되고 데이터는 자동재생이 안된다고 상담도 별로였음 시은이라는 상담원과 연결됐는데 기종 문잰줄 알고 갤폴드2에서 다음영상 자동재생이 안된다 했더니 갤폴드2라는 영상은없는데요 여기까진 디지니에 갤럭시 어쩌고영화가 있으니 이해 하겠는데 기종라 했더니 영상명을 말해달라면서 정확하게 말씀해주셔야 상담가능하다고 ㅋㅋㅋㅋㅋㅋ 아니 애초부터 어느영상에서 자동재생이 안되셨나요 물어본것도 아니면서 지혼자 갤폴드2라는걸 영상으로 알아들어놓고 짜증냄 ㅋㅋㅋ와이파이서만 담영상 자동재생되는것도 다른 상담원한테 들음. 앱도구린데 상담원도 구림 다른사람과 조인해서 쓰는거고 5개월 쓰기로해서 쓰긴하는데 컨텐츠가 많은것도 아니고 번역도 별론데다 앱도 구린데 서비스도 별로여서 앞으로 사용안할듯.,2022-06-17 11:15:16,오hope,,2022/2Q,2022
3050,5,굿,2022-06-17 18:21:19,윤영재워핏,,2022/2Q,2022
346,1,업데이트눌러도 하루종일 로딩중이네요,2022-06-17 19:21:32,리하아빠,,2022/2Q,2022
0,1,"콘텐츠를 떠나서 앱 개선이 시급해 보입니다. 앱 개발자 본인들은 평소 스트리밍 이용시 플레이만 되면 불편한 점이 전혀 없었나보네요. 어떻게 어플 내에서 화면밝기나 사운드 조정, 화면크기조정 이런게 전혀 없을수가 있죠...? 중간에 끄고 나중에 다시 접속하면 엉뚱한 회차에서 다시 재생되고... 넷플릭스도 불편하다고 그렇게 욕을하면서 봤었는데 이건 뭐ㅋㅋㅋㅋ",2022-06-17 23:07:38,bo B,,2022/2Q,2022
1731,1,컨텐츠보다 어플자체가 사용하기 너무 불편해요,2022-06-18 00:20:23,김소연,,2022/2Q,2022
3102,2,디ㅣㅣㄱ,2022-06-18 11:30:42,정환무,,2022/2Q,2022
3033,5,굿~,2022-06-18 12:41:43,김진,,2022/2Q,2022
140,1,소리도 유난히 작고 화면잠금도 없고 자막 설정 화면 설정 등 앱 자체가 너무 구려요 + 배속 밝기 등등 흔해빠진 다른 플레이어에도 있는 기능이 없는게 너무나도 많네요 불만사항 다 알고 있을텐데 능력이 없는건지 무시하는건지 컨텐츠가 잘나가는거말곤 앱 자체는 진짜 빵점,2022-06-18 14:15:09,K K,,2022/2Q,2022
291,1,제 기기가 문젠지 몰라도 다운로드 하여 영화를 시청하는데 뚝뚝 끊기네요,2022-06-18 14:49:24,김현민,,2022/2Q,2022
157,4,소리 이슈가 진짜 열받을 정도로 제각각임ㅋㅋㅋㅋ모바일로 보는 소리가 가장 나을 정도..,2022-06-18 15:58:03,yugi,,2022/2Q,2022
3047,5,좋아요,2022-06-18 17:02:49,우대일,,2022/2Q,2022
706,2,내는 돈 대비 컨텐츠가 별거없음,2022-06-19 00:19:40,HS L,,2022/2Q,2022
1791,1,앱이 몇일째 안열려요 ㅜㅜ 진짜.. 너무해요,2022-06-19 00:33:11,Tracy,,2022/2Q,2022
150,1,"쓰레기 어플리케이션 무한 로딩, 빈화면, 다운로드 후 재생하면 검운 화면만 보임 정이란 정은 다 떨어지네요",2022-06-19 08:53:23,SJ Lee,,2022/2Q,2022
253,3,"언어학습자를 위해 반복재생기능있었으면.,",2022-06-19 10:41:06,박리아,,2022/2Q,2022
2212,2,ㅂㄱ 픕ㆍㅂㄱ?6dxxxx,2022-06-19 11:01:30,wooram ko,,2022/2Q,2022
1841,1,돈 내고 쓰는건데 재생이 안 되네요;; 돈아까움,2022-06-19 14:11:53,dult A,,2022/2Q,2022
3030,1,자막불편,2022-06-19 15:12:39,DUCK K,,2022/2Q,2022
170,1,넷플릭스보다 못함 한시간정도만 보면 뺑뺑이(버퍼링)돌고 짜증나서 못보겟음 그리고 버퍼링땜에 다시보기하믄 또 자막 제설절정해야되고 정말 젖같음,2022-06-19 16:45:32,김도,,2022/2Q,2022
209,2,영상은 괜찮은데.....ㅋㅋㅋ 저번주부터 앱이 않들어가져서.. 빨리좀 고쳐주세요;;,2022-06-19 20:38:27,Kwang-Su Kim,,2022/2Q,2022
620,2,저 이거 구독 취소 담 결제 취소 하려는데 안되서 도와주세요,2022-06-19 23:52:44,박민아,,2022/2Q,2022
1151,5,좋디만 pip 좀 안드로이드 ㅠㅠ,2022-06-20 00:58:43,신지섭,,2022/2Q,2022
3032,5,너무 좋았다.......,2022-06-20 03:40:40,오삼컹컹,,2022/2Q,2022
3054,4,Wa . Htm,2022-06-20 10:19:07,Hu Jin,,2022/2Q,2022
3066,1,pip pip,2022-06-20 11:31:31,생활형인간후니뽕,,2022/2Q,2022
181,1,어플이 로딩화면에서만 대기하고 메인화면으로 넘어가질 않네요,2022-06-20 14:34:20,Say K,,2022/2Q,2022
173,3,좋아하는 영화가 많아서 결제는 했는데 넷플릭스에 비해 기능이 별로임 배속 기능도 없고 백그라운드 재생도 안되고,2022-06-20 14:56:26,시진핑새치뽑기,,2022/2Q,2022
1677,1,오류가 많이 있어요,2022-06-20 17:34:19,권현주,,2022/2Q,2022
3029,5,재밌어오,2022-06-20 19:25:10,어썸튜브,,2022/2Q,2022
3036,5,너무 재믹네,2022-06-20 20:02:17,홍향수,,2022/2Q,2022
239,5,저는 두번정도 이용해봤거든여 그거 되게 좋더라구요~~저는 개발팀님 고맙습니다~~~^^,2022-06-20 22:47:11,그림그리기,,2022/2Q,2022
595,4,영화가 오래 된 것 밖에 없어서 흠이네... 이제 볼게 없어~,2022-06-21 05:57:46,이동명,,2022/2Q,2022
599,5,앱이안ㄴ열립니다 잘 쓰다가 갑자기부터 팅기는현상지속됩니다 갤럭시탭a7,2022-06-21 08:24:49,박준혁,,2022/2Q,2022
343,3,한국디플도 서비스 해주세요 ㅠㅠ 외국에선 되는데 한국에선 안되는 콘텐츠가 너무 많아뇨..,2022-06-21 12:54:13,룰루롤로랄라,러브빅터 시즌3,2022/2Q,2022
1899,5,마블 최고오오오!,2022-06-21 13:24:06,이준원,,2022/2Q,2022
3037,5,망했어,2022-06-21 13:55:23,라마르,,2022/2Q,2022
1154,4,"4가지 78ㅈ,,w gy86709,6It's been...시 ⁷, 0",2022-06-21 14:41:37,그랜다이절,,2022/2Q,2022
1310,5,마블 너무 좋아,2022-06-21 15:50:27,박에녹,,2022/2Q,2022
2718,5,옵션이 많아요,2022-06-21 16:40:15,Melinda Lee,,2022/2Q,2022
1627,5,뭐가 문제라고 악플들을....,2022-06-21 22:16:32,루나파덜,,2022/2Q,2022
269,1,그동안 잘보고있었는데 갑자기 어플로딩이 안되네요 어플들어가도 열리지가 않아요,2022-06-21 23:00:39,이미란,,2022/2Q,2022
366,1,버퍼링 심하고 최악임 이 앱 쓸빠에 다른 앱 쓰는거 추천함,2022-06-22 02:49:57,AN- 94,,2022/2Q,2022
1688,5,닥터스트레인지2 몇시에 개봉해주시나요?,2022-06-22 11:24:55,이강석,,2022/2Q,2022
607,3,팝업기능 없어서 너무 불편합니다,2022-06-22 12:53:50,박솔비,,2022/2Q,2022
1742,5,ㅣㄱㄴㅎㄴㄱㄴ스륵ㄴ굵ㅅㄴㄱㄴㄱㄴㄱㄴㅋㄱㄹㆍㄹㆍㄴㅅㆍㄱㄴ,2022-06-22 14:48:04,유영구,,2022/2Q,2022
15,4,1.25배속 1.5배속 이렇게 빨리 보기가 안되는게 아쉽습니나,2022-06-22 16:13:04,munggie,빠르게 보기가 안됨,2022/2Q,2022
567,3,작은화면보기 왜안됨? 화면밝기조절이랑,2022-06-22 17:43:42,김민철,,2022/2Q,2022
3041,4,좋아요,2022-06-22 18:15:34,준호TV,,2022/2Q,2022
3059,5,잼나요,2022-06-22 18:45:37,정미숙,,2022/2Q,2022
1034,1,한글 자막 언제 고쳐줄텐가??,2022-06-22 18:51:50,KG21,,2022/2Q,2022
1902,1,앱이 안열려요,2022-06-22 19:08:45,seungmi seok,,2022/2Q,2022
1730,3,돈내고 쓰는데 너무 느림,2022-06-22 20:10:10,랑사,,2022/2Q,2022
1141,5,다양한 영화가있어요^^,2022-06-22 20:49:00,김수희,,2022/2Q,2022
2211,5,닥스 2 감사합니다,2022-06-22 22:07:24,김도현,,2022/2Q,2022
2208,1,어플 안켜짐 ㅡㅡ,2022-06-22 22:31:49,Seong Kwan NOH,,2022/2Q,2022
1147,5,배속기능추가좀해주세요,2022-06-22 22:50:47,고재윤,,2022/2Q,2022
144,1,너무 안올라옴. 지난것들은 진작에 다봄. 최신영화 놀라오는게 넘 느림. 웨이브나 티빙이런데 올라오는것보다도 느림. 동물사전 베놈2도 그렇고... 스파이더맨 노웨이홈이나 파프롬홈도 디즈니에는 없고 티빙이랑 웨이브에는 있네? 그래서 구독취소,2022-06-23 00:54:39,이규선,,2022/2Q,2022
1140,3,배속 기능 부탁드려요,2022-06-23 01:32:28,haha,,2022/2Q,2022
2710,5,역시 디즈니는 사랑이죠,2022-06-23 02:33:56,이다영,,2022/2Q,2022
768,1,"콘텐츠 양이 너무 적어서
한달 달리면 이후로는 볼 게 없어요. ㅠㅠ",2022-06-23 02:48:08,도발프로덕션,한 달 이후엔 볼 게 없어요.,2022/2Q,2022
292,3,마블 스타워즈 제외하면 볼 컨텐츠 적음 연간 결제를 유도하려면 카드사 월간 결제 혜택 적용된 금액보다 이점이 있어야 검토를 해보든 말든 할텐데...,2022-06-23 07:41:18,Hyunho Ha,,2022/2Q,2022
3035,5,앙 개이득,2022-06-23 09:17:05,뿅가죽은경원이,,2022/2Q,2022
1137,5,그런데 영상을볼 때 왜 렉이걸리죠?,2022-06-23 10:58:35,파티시에이준서,,2022/2Q,2022
276,3,컨텐츠 선택폭이 다소 부족한 느낌입니다,2022-06-23 11:37:06,JMyg Li,,2022/2Q,2022
248,5,잼나요..좋아요 단 업로드가 조금 늦음ᆢ몇편보면 담 볼 작품들이 부족함,2022-06-23 12:18:53,상후니,,2022/2Q,2022
1684,5,이거 하나면 평생 본다,2022-06-23 12:21:59,김동진,,2022/2Q,2022
245,3,뭐가 있는지 리스트를 보려고 가입했는데 바로 구독이 되어서요. 하나도 시청하지 않았습니다. 구독 취소했는데 ㅜㅜ 환불 요청 드려요,2022-06-23 12:37:13,가나가나123926,환불 부탁 드립니다,2022/2Q,2022
543,2,넷**스에 비해 제한된 게 많고 직관적이지 못해요,2022-06-23 17:18:50,1222 cephas,,2022/2Q,2022
1214,1,앱작동이 잘안됨,2022-06-23 17:29:54,장준희,,2022/2Q,2022
2213,3,자막 좀 어케 해주세요,2022-06-23 18:13:21,아현아현,,2022/2Q,2022
603,1,편의성이 매우 구림,2022-06-23 19:20:53,N,,2022/2Q,2022
559,5,어플 최적화 좋구요 잘돌아갑니다,2022-06-23 19:50:40,오레오베리,,2022/2Q,2022
3402,5,국그릇빙구봉,2022-06-23 19:58:20,정한영,,2022/2Q,2022
2255,1,진짜 너무 구리네,2022-06-23 21:36:17,Washing,,2022/2Q,2022
1169,4,배속조절하게 해주세요.,2022-06-23 21:55:56,남옥비,,2022/2Q,2022
97,5,"영상이나 음악이 정말 좋네요. 화질도 좋구여 ㅎㅎ
 근데 이거 캡처했을 때 검은 화면 나오는건 좀 고쳐주세요. (아이패드 입니다)",2022-06-23 22:08:58,마옹이형아,다 좋아요,2022/2Q,2022
136,1,"태블릿에서 자꾸 로딩화면 이후 진행이 되지 않음, 폰에서는 정상 진행되서 태블릿의 어플을 삭제후 재설치 해봤는데 자꾸 비번 바꾸라고만 함... 왜 이메일로 로그인이 안되고 비번까지 바꿔야하나요?",2022-06-23 23:50:16,김현숙,,2022/2Q,2022
133,1,"저 어플로 보려고 결제 했는데,, 어플에서 아예 영상 재생조차 안됩니다.. 물론 쫌 예전 폰이긴하나 어느 플랫폼이던 넷플이건 왓챠건 재생 잘되는 핸드폰이거든요 지금? 근데 디즈니 플러스는 아예 화면 자체가 로딩이 안되네요....ㅋㅋㅋㅋㅋ이거 어쩌죠? 환불 해주시나요?",2022-06-23 23:53:33,1111 asdadasdad,,2022/2Q,2022
1142,5,음악 스토리 꿈과 희망 화합 재미,2022-06-24 02:11:07,김현중,,2022/2Q,2022
178,1,"안드로이드 셋톱박스와 휴대폰에서 자막 상세 설정 기능, 그리고시청기록 삭제 기능 요망!",2022-06-24 04:36:36,송승현,,2022/2Q,2022
375,1,제발 팝업모드랑 밝기 소리 조절 좀 만들어라,2022-06-24 07:59:50,박소정,,2022/2Q,2022
146,1,드라마 업로드가 너무 늦어서 볼게 없음. 시즌 여러개 나왔는데 한국은 시즌 하나 올림.. 자막도 이상함. 존댓말했다가 반말했다가 제멋대로임. 꼭 유투브 자동번역 돌린거 같음,2022-06-24 10:14:37,rw An,,2022/2Q,2022
3044,5,좋아요,2022-06-24 13:33:03,sm kim,,2022/2Q,2022
135,1,"웬만하면 리뷰 안 다는데 황당해서 리뷰 씁니다.
워킹데드 시즌11 자막이 엉망이네요.
해석만 되면 되는 게 아니라 작중 인물간의 관계와 극의 분위기까지 살려야 하는 거 아닌가요? 세간의 원수는 죽일듯이 노려보는 와중에 서로 정중한 존댓말을 쓰고 있고 사람들이 좀비를 워커라고 부르든 데드라고 부르든 퉁쳐서 좀비라고 번역되고 궤도를 괘도라고 쓰지 않나.
파이널 시리즈 기다린 사람으로서 이건 좀 너무하네요.",2022-06-24 15:16:26,밈밍밈,자막 제대로 좀요,2022/2Q,2022
1692,1,앱이 왜이리 안열려 씨부레 개 욕나오네,2022-06-24 16:26:57,전우성,,2022/2Q,2022
285,2,갑자기 PC에서 로그인 다시 입력하래? 뭐임 게다가 새 비번 바꾸라기까지 함 개 어이없음 모바일에서는 괜찮은데..,2022-06-24 19:15:17,보겸,,2022/2Q,2022
359,4,영어자막과 한글자막을 동시에 볼 수 있게 해주세요!,2022-06-24 19:37:32,한정서,,2022/2Q,2022
1922,5,서최좀해주세요,2022-06-24 19:55:07,김용철,,2022/2Q,2022
154,3,앱 사용 자체는 불편함이 없는데 컨텐츠 개없음. 사람들이 없대서 난 다큐 볼거니까 괜찮다고 결제했는데 다큐도 없을 줄이야... 유튭 공식계정에 올라온 다큐가 더 재밌는거 많고 양도 많음,2022-06-24 20:55:35,고다영,,2022/2Q,2022
611,5,하.. 콘텐츠의 질은 당연히 만점인데 성인 기준을 해외로 잡아버리시면..ㅜㅜ 땜에 넷플이랑 구글무비 같이 써요.,2022-06-24 22:11:27,Bourbon,,2022/2Q,2022
608,5,저 넷플릭스에서 디즈니플러스로 갈아탔어요!확실히 좋네요ㅎㅎ,2022-06-24 23:04:22,조유현,,2022/2Q,2022
1180,5,재밌게 보앗어요,2022-06-25 09:49:06,유희,,2022/2Q,2022
1281,5,아주 좋아요,2022-06-25 15:25:53,이정삼,,2022/2Q,2022
3061,5,잼나요,2022-06-25 15:40:49,김솔,,2022/2Q,2022
3052,5,좋았어요,2022-06-25 17:04:49,Seok-sung Jeong,,2022/2Q,2022
445,2,며칠전부터 티비연결후 볼때 나가기가 안되네요,2022-06-25 17:10:43,박경희,,2022/2Q,2022
1301,5,너무 좋아요💖,2022-06-25 21:39:13,이혜선,,2022/2Q,2022
3325,5,재밌다,2022-06-25 21:45:02,Cho Cho,,2022/2Q,2022
2928,5,좋아요^^,2022-06-26 00:19:19,당근폰계인,,2022/2Q,2022
135,1,앱완성도가 최악이네요. 서버도 불안정하고 느리고 컨텐츠를 외부저장소로 다운로드하면 재생도 안되고..,2022-06-26 01:04:01,Crazy Brain,,2022/2Q,2022
602,5,매우좋은데 빔프가 안돼... ㅠ ㅠ,2022-06-26 03:44:51,JIN K,,2022/2Q,2022
168,1,"폰 바꾸면서 몇개월은 무료라 해서 무료기간동안 잘사용하고있긴한데, 영화가 너무 많이 없네요",2022-06-26 12:20:58,김콜라,,2022/2Q,2022
3064,5,짱,2022-06-26 16:45:17,임주화,,2022/2Q,2022
3049,5,최고,2022-06-26 18:31:27,따지기왕,,2022/2Q,2022
305,1,사용하기 매우 불편함 넷플릭스 편함,2022-06-26 20:50:37,최윤경,,2022/2Q,2022
407,4,다 좋은데..... 한국어 자막 너무 커요...하,2022-06-26 21:24:10,슈위프티,,2022/2Q,2022
172,1,지원 기준을 넘어도 안되는 기기도 많고 안되는 경우도 잘 발생함 너무 불안정하다. 잘되는 기종은 잘되는데 안되는 기종은 너무 안된다.,2022-06-26 23:44:56,Rock Choi,,2022/2Q,2022
1145,1,들어가지지가않는데왜ㅡㅡ,2022-06-27 00:12:38,ᄋᄋ,,2022/2Q,2022
2207,1,왜실행이안되지ㅜ,2022-06-27 07:51:12,김현기,,2022/2Q,2022
600,3,밝기조정 왜안됨?,2022-06-27 08:42:32,nim H,,2022/2Q,2022
207,4,"미드 볼 때 영어랑 한국어를 전부 볼 수 있었으면 좋겠고
자막도 위치를 선택할 수 있게 하면 좋을 것 같다",2022-06-27 09:20:59,bibi040302,동시자막이 없는게 아쉬워요,2022/2Q,2022
310,4,콘텐츠가 타사에 비해 적지만 스트리밍에는 흠잡을때가 없다,2022-06-27 10:30:52,바속,,2022/2Q,2022
189,5,실수로 무료 한달 이용과 동시에 9900원이 결제가 되었습니다. 무료이용이 끝난후엔 년단위로 결제하려 했습니다. 9900원 환불 부탁 드립니다.,2022-06-27 13:06:39,Urara SorA,중복 결제 되었습니다.,2022/2Q,2022
410,1,와 진짜로 어이없으시네요? 디즈니 플러스 제가 옛날부터 즐겨보는 영화 어플이였는데요 이제는 보지 말아야 할 것같네요? 왜 그러냐고요? 이거 Disney가요 이제는 너무 싫어졌고요 제가 말하는 문제 점은요 자 봐봐 1 설치를 했는데 잘 보다가 다음 날이 되서 봤는데요 안 들어가지고요 에러 났다고 하고요 (2) 너무 짜증나게 디즈니 플러스 어플이 계속 회원 가입을 하라고 합니다 그리고요 디즈니 플러스 제작자님 3 회원 가입을 계속 하라고 하고요 결제를 해야 자신이 원하는 영화를 볼수 있다라고 합니다 그리고요 제가 너무 짜증나서요 도저히 저는 못 보겠네요 아시겠죠? 그리고 또 있거든요? 4 회원 가입과 결제를 하라고 한 다음에는 말이죠 결제를 하면 볼수 있다고 하고요 회원 가입을 하면 말이죠? 자신이 원하는 모든 디즈니 플러스 (Disney)를 볼수 있다고 적여 있어요 이거 어떻게 하실거에요? 진짜 똑바로 만들기시나 한건가요?? 아니 그리고요 이벤트 기간을 걸어 놓으셨네요? 이 맵 삭제,2022-06-27 14:30:29,티거곰도리,,2022/2Q,2022
424,1,"이게 정녕 글로벌 대기업이 만든 앱인지 의심스러운 정도군요. 이 디즈니가 그 디즈니가 아닌가? 배속, 밝기, 음량, 팝업 이게 되게 기본적인 건데 이게 하나도 없네...",2022-06-27 15:52:46,ELYSIUM,,2022/2Q,2022
1138,2,pip모드도 안 되는 ott 앱 실화냐? pip기능좀 해줘요,2022-06-27 16:25:19,쌤한,,2022/2Q,2022
1,1,"밝기 조절 없음, 음량 조절 없음, 팝업 재생 없음, 재생 속도 조절 없음, 재생중 이전회차/다음회차 선택하기 없음. 심지어 뒤로가기 누르기도 어렵게 만들어서 일일이 영상 상단 버튼 늘러야 함. 넷플릭스, 왓챠, 웨이브, 티빙, 쿠팡 플레이 써봤지만 앱 플레이어 상태는 디즈니 플러스가 독보적으로 최악 입니다. 디즈니 단독으로 볼 수 있는거 아니면 다른데서 보는게 낫기 때문에 디즈니 앱을 이용할 이유가 전혀 없을 정도로 최악 입니다.",2022-06-27 18:00:52,얄리얄리얄라서,,2022/2Q,2022
1678,5,아주아주 굳!,2022-06-27 18:55:03,유기백,,2022/2Q,2022
812,2,티비로 볼때는 괜찮은데 모바일은 별로네요 티비 계정 모바일에 연결도 안되고 결제는 아직 안 했는데 모바일 버전만 티비는 했는데,2022-06-27 21:40:33,게이머 천국Gamer Heaven,,2022/2Q,2022
3121,5,Good,2022-06-27 22:23:45,Mr Lee,,2022/2Q,2022
2215,4,굿 넘잼나요,2022-06-28 01:54:56,왕틈새,,2022/2Q,2022
447,3,OTT의 핵심인 빨리 보기가 없네요..1.2는 최소한 있어야 할듯,2022-06-28 13:10:41,원건아빠,빨리 보기 부탁해요,2022/2Q,2022
2214,1,화면이 안나옴,2022-06-28 15:13:30,chang yun kim,,2022/2Q,2022
1789,1,화면재생이안됨,2022-06-28 15:19:12,홍태경,,2022/2Q,2022
1432,3,시청기록삭제좀...,2022-06-28 16:15:16,SOYOON MOON,,2022/2Q,2022
134,3,자막이 잘 아보일때가 있는데 색상변경이 가능하면 좋을듯. 그게 안되면 음영을 진하게 넣어서 잘보이게...,2022-06-28 19:25:09,Youngki Kim,,2022/2Q,2022
1090,1,지금 딪니 플러스 앱 나만 느림? 노트10플러스.,2022-06-28 20:47:01,임창우,,2022/2Q,2022
132,3,"컨텐츠 양이 상당하네요, 20세기폭스 영화가 많아 나름 괜찮습니다. 한가지 불편한건 팜업형태로 볼 수 없는게 아쉽네요. 개선되길 바랍니다.",2022-06-29 02:47:33,조현덕,,2022/2Q,2022
17,1,장점은 많으니 보완해줬으면 하는 것들. 1. 시청중인 영상중 보지않을 것에 대항 삭제 기능 필요 2.예정작의 공개일정등의 별도의 보기쉬운 인터페이스 필요 3. 작품 검색이 더욱 용이하도록,2022-06-29 07:15:50,387 roknavy,,2022/2Q,2022
279,1,무한로딩되면서 앱 실행 자체가 안되는데요,2022-06-29 12:27:08,Ye-lin Lee,,2022/2Q,2022
3053,5,좋아,2022-06-29 13:17:04,헛소리,,2022/2Q,2022
3038,5,굿굿구스,2022-06-29 14:28:25,박정영,,2022/2Q,2022
2805,3,PCㄹ 보세요 고아들아,2022-06-29 14:33:46,시계,,2022/2Q,2022
1616,5,아울 하우스 시즌 2 주세요 별 1나 깎아 버리기 전에,2022-06-29 22:25:58,게임천제되고싶어,,2022/2Q,2022
1136,2,엄청 자주 재생안됨 ㅡㅡ,2022-06-30 02:31:17,김성순,,2022/2Q,2022
601,5,진짜 마블 더빙을 여기서 보다니 좋네요ㅎㅎ,2022-06-30 03:26:22,송석림,,2022/2Q,2022
396,5,정말 재미있어요 ¤ 외국에 있는거같아요,2022-06-30 04:15:53,김진희,,2022/2Q,2022
231,3,"야외에서볼려고 다운로드 하는데 속도 깜짝 놀라네요
30분 드라마 하나 받는데 시간이,,,, 기가패스시절 생각이 났네요",2022-06-30 04:58:30,빵빵칼칼,저는 정말 무던한 시청자입니다,2022/2Q,2022
1146,1,어플 최악이군요 사용하기힘듬ㅋㅋ,2022-06-30 10:54:14,김동근,,2022/2Q,2022
3039,5,딱좋아요,2022-06-30 13:06:16,논리야노올자,,2022/2Q,2022
360,3,"자막 설정, PIP 기능 없음",2022-06-30 15:54:08,디토어,,2022/2Q,2022
3,1,불편한부분 정말 너무 많지만 하나만 얘기할게요 대체 왜 다음회차 자동으로 넘어가는 기능이 없는건가요.... 티비로 볼땐 되던데(이것도 20초나 기다려야함 다른덴 5초인데) 폰으로는 일일히 손으로 다 눌러줘야 넘어가네요 틀어놓고 다른일 하면서 보는 경우도 많은데 이거때문에 너무 불편해서 어플 사용하기가 싫을 지경입니다. 원하는 컨텐츠 나올때만 한달 잠깐 구독하지 몇달씩 계속 볼일은 없을듯해요,2022-06-30 16:04:08,sun s,,2022/2Q,2022
1078,3,배속조절이 안되네욮,2022-06-30 16:33:26,최민영,,2022/2Q,2022
2737,1,안들어가짐 앱이,2022-06-30 16:35:53,긴팔이,,2022/2Q,2022
137,1,컨텐츠를 감상하다 보기 싫으면 넷플릭스처럼 재생목록을 지울수 있어야 하는데 그런 기능이 없으니 지저분하게 보다만 목록들이 계속 진열되어있어 너무 불편하고 지저분함.,2022-06-30 17:07:27,Brian Park,,2022/2Q,2022
1143,3,자막이 엉망이네요 신경좀 쓰셔야 할듯요,2022-06-30 18:30:01,이혜경,,2022/2Q,2022
272,3,화면이 너무 어두워요 밝기 조절 안될까요,2022-06-30 19:00:50,황욱,,2022/2Q,2022
2185,1,돈벌어서 피규어 만들지말고 앱개발자 부터 찾길,2022-06-30 19:18:05,박준형,,2022/2Q,2022
1252,5,느낌이 어떤지 몰라요,2022-06-30 22:00:54,도원7살,,2022/2Q,2022
1149,5,범죄수사물 미드 좋아해서 디즈니잘쓰고있습니다ㅋㅋㅋ,2022-06-30 23:48:08,금솔민,,2022/2Q,2022
