,Unnamed: 0,userName,content,score,thumbsUpCount,at,quarter,year
16585,16585,김희수,좋아요,5,0,2022-04-01 00:03:03,2022/2Q,2022
7776,7776,Ji Woo KIM,돈은 그렇게나 쳐먹으면서 화질은 왜 이따구냐ㅜ,1,0,2022-04-01 04:35:20,2022/2Q,2022
8738,8738,이중석,이거이거아주아주최악입니다.,1,0,2022-04-01 10:35:42,2022/2Q,2022
5832,5832,mai,정말좋을수도있고 안좋을수도 있습니다.,5,0,2022-04-01 15:10:31,2022/2Q,2022
14254,14254,장희제,지금 현재 kbs2 예서 방영하고 있는 티티체리 올려 주세요,3,0,2022-04-01 18:31:25,2022/2Q,2022
635,635,김종원,이거 영상 저장이안되네요 항상 저장해서 출근길 대중교통이용하면서보는데안되네요.. 와이파이 데이터 다해봤는데안되네요..,2,1,2022-04-01 19:08:37,2022/2Q,2022
1560,1560,Lien D,기기 문제라면서 L3로 만들어놓고 홈페이지에선 HD 화질로 보기 가능 기기로 분류 중 한달에 만칠천원 내는데 화질이 이러면 누가 보나 업뎃 전엔 안 이랬는데 업뎃 꼬박꼬박한게 죄였다니...,1,1,2022-04-01 19:24:44,2022/2Q,2022
16558,16558,김대표,너무좋아,5,0,2022-04-01 19:26:43,2022/2Q,2022
5229,5229,ironmasker,코미양 언제 들어오냐고. 한국인이 한국어자막을 굳이 vpn돌려서 봐야겠냐.,1,0,2022-04-01 23:04:14,2022/2Q,2022
11358,11358,도깨비,아내의맛 볼게너무없네요 마니올려주세요,5,0,2022-04-01 23:21:39,2022/2Q,2022
8622,8622,Kyuho Kim,자막 동시에 띄울수있게 해줘요 한영 한일 한중 이런식으로,5,0,2022-04-01 23:28:31,2022/2Q,2022
16557,16557,minimini yo,없음 어쩔뻔,5,0,2022-04-02 00:51:05,2022/2Q,2022
16840,16840,반경애,굿,5,0,2022-04-02 01:22:08,2022/2Q,2022
5615,5615,김서율,아니 도대체 가입을어디서하라는거에요?!! 진짜 별하나주기도 너무 아깝네요! 가입하는곳좀 알려주세요,1,0,2022-04-02 08:28:21,2022/2Q,2022
8158,8158,허영,전 요즘 넷플릭스 없으면 뭐 보고 살지 모르겠네요 ㅎ ㅎ,5,0,2022-04-02 08:46:47,2022/2Q,2022
16572,16572,서정원,Good,4,0,2022-04-02 08:51:13,2022/2Q,2022
16573,16573,CHRIS OH,Good,5,0,2022-04-02 10:14:07,2022/2Q,2022
16842,16842,권모세,굿,5,0,2022-04-02 14:45:36,2022/2Q,2022
16886,16886,무명,👍,5,0,2022-04-02 18:22:10,2022/2Q,2022
887,887,Byeong Don Yoon,재생않되는 영상들 관리 좀 해라. 볼만한것도 없고 제일 큰문제는 시리즈물들 듬성듬성 재생이 않되는거다. 꼭 이빨빠진것처럼 회차를 건너뛰어서 봐서 내용의 흐름이 끊킨다. 서버관리를 개떡같이 해서 결제하는 돈이 아깝다.,1,0,2022-04-02 22:43:23,2022/2Q,2022
16566,16566,김동주,좋아요,5,0,2022-04-03 00:02:24,2022/2Q,2022
4685,4685,JS P,화질이 더 좋아지면 좋겠어요,3,0,2022-04-03 00:37:16,2022/2Q,2022
8457,8457,꿀꿀이,아니 갑자기 왜 앱이 들어가지지도 않죠??????,1,0,2022-04-03 02:06:20,2022/2Q,2022
1043,1043,이도권,공부할려고 다운받는 사람도 있는데 영어 한글 동시자막 좀 다시 부탁드립니다.,5,0,2022-04-03 02:19:55,2022/2Q,2022
1615,1615,고현진,아니 솔직히 너무하네 요금 인상을 해도 너무 과하게 인상 아니가 싶네? 이렇게 하면 누구 시청하고 즐기고 하나?,2,0,2022-04-03 03:35:59,2022/2Q,2022
11426,11426,s w,자막좀.. 붙여줘요..,3,0,2022-04-03 04:25:14,2022/2Q,2022
14404,14404,Sun Woo Park,설치를 피워요,5,0,2022-04-03 07:33:28,2022/2Q,2022
8522,8522,젓갈장수,필터 기능 되살려주세요 제발,4,0,2022-04-03 08:53:26,2022/2Q,2022
14537,14537,joy,ㅓ탸2ㅝ 2ㅓ ㅓ8,5,0,2022-04-03 10:59:07,2022/2Q,2022
5221,5221,신현규,업데이트 이후 무한로딩 걸리네요...,1,0,2022-04-03 14:06:24,2022/2Q,2022
11650,11650,김태은,헝거게임: 판엠의 불꽃 없나요?,3,0,2022-04-03 14:33:43,2022/2Q,2022
11658,11658,문지훈,이거가입하면 돈네야돼나요?,1,0,2022-04-03 15:21:26,2022/2Q,2022
8982,8982,Canada,마니 포니 가 조금 따라 샀어 기분이 나쁘네요......,3,0,2022-04-03 19:28:24,2022/2Q,2022
637,637,한휘솔HUISOL,"넷플릭스에 인기 많은거 올라온다고 했는데 그럼 나왔겠네? 한것도 안 나온 경우도 많고 중간에 시리즈 없애버리시는데 왜 없애시는거죠... 이번에 소드 아트 온라인 볼려는데 1,2,4기는 있는데 3기는 중간에 비어져있더라고요.. 되면 다시 올려주시고 이거 개선 부탁드려요...",2,18,2022-04-03 19:52:34,2022/2Q,2022
800,800,김수정,계속 이메일 비번이 맞지않다고 뜨고 어쩌다 로그인되면 넷플릭스에 접속할수없다는 오류메세지 뜨고 접속되면 영상오류뜨고 어쩌라는건가요?,1,0,2022-04-03 21:36:13,2022/2Q,2022
7757,7757,이정민,솔직시 거즌 10년쨏미국부터 항상 넷넥릭스 응원드리는데 점점 가격 올리기만ㅍ하사네요 넷플 여즘에 많이 빤히서 제 개츼런 디즈니 플러스 학리적이고 졸아서 몇간 다녀오라구요 으ㅇ원드려요,5,0,2022-04-04 03:17:02,2022/2Q,2022
16568,16568,나는뭐땅파서장사하냐,기모링,5,0,2022-04-04 11:22:25,2022/2Q,2022
2158,2158,튜브유,앱시작과 동시에 로그인화면이 뜨면서 앱이 튕깁니다.,1,0,2022-04-04 15:49:28,2022/2Q,2022
5231,5231,twice배그,휴대폰으로 로그인하구 들어가서 봤는데 소리는들리구 왜 화면은안보이나요..?,3,0,2022-04-04 21:00:14,2022/2Q,2022
8469,8469,태희,타이타닉... 타이타닉이 없어...,5,0,2022-04-04 22:07:27,2022/2Q,2022
615,615,haley today,"외국 콘텐츠를 볼 때 자막에서 '맞다'가 '맞는다'로 어색하게 번역이 되는데 이것 좀 수정해주세요... 어느 외국 작품이든 한국어 자막만 틀면 아 맞다! 하는 뉘앙스에서 전부 맞는다, 로 번역이 되어 몰입도가 깨집니다.",3,4,2022-04-04 22:08:47,2022/2Q,2022
11547,11547,류경숙,3월부터 올랐군요,5,0,2022-04-05 06:26:38,2022/2Q,2022
16562,16562,노재영,굳,5,0,2022-04-05 11:26:45,2022/2Q,2022
9244,9244,뚱이,번역 진짜 ㅋㅋㅋㅋㅋ 허사허사허사 이거 아직도 안고치네,1,0,2022-04-05 11:42:03,2022/2Q,2022
22804,22804,노아윤,싫어요),1,0,2022-04-05 13:27:22,2022/2Q,2022
9049,9049,임승섭,로딩 중 이라고계속떠네요 어떻게좀해주세요,3,0,2022-04-05 13:46:00,2022/2Q,2022
16548,16548,외솔이,유용합니다,5,0,2022-04-05 15:08:56,2022/2Q,2022
11644,11644,Na Na,잘보고있어요,5,0,2022-04-05 16:48:46,2022/2Q,2022
8487,8487,정성광,좋은 서비스 좋아요,5,0,2022-04-05 17:24:49,2022/2Q,2022
640,640,이응,항상 자주 들어가서 보는 스타일인데 제가 본 영상들 목록에 안뜨는 작품들도 있고 영상이 계속 0.1초 단위로 뚝뚝뚝 끊기면서 나온다고 저가 계속 정지 시켰다 보고 이랬거든요 다른 리뷰 들도 그리 좋은 평이 많지는 않던데 개선 좀 빨리빨리 합시다,2,1,2022-04-05 19:18:33,2022/2Q,2022
812,812,달복인생,5.10 오류가 왜 갑자기 계속 뜨나요? 핸드폰도 껐다가 켜보고 넷플 어플도 삭제 후 다시 다운로드 해도 똑같아요,1,0,2022-04-05 20:52:19,2022/2Q,2022
5272,5272,밍쁨,"프리파라 시즌1,2,3좀 추가 해주세요 ..... 무료로 보는곳은 없어요!ㅠㅜㅠ",5,0,2022-04-05 22:13:50,2022/2Q,2022
16584,16584,김맹호,좋아요,5,0,2022-04-05 22:32:53,2022/2Q,2022
14514,14514,넘버원브이아이피,너무 편해요,5,0,2022-04-06 00:49:55,2022/2Q,2022
9026,9026,진심,다좋은데 없는게 너무많은게 헛점,5,0,2022-04-06 01:08:53,2022/2Q,2022
17427,17427,연느마,굿,5,0,2022-04-06 06:00:14,2022/2Q,2022
791,791,Rupert,왓챠는 돌비 애트모스도 자동으로 켜주고 hdr전환도 빠른데 넷플은 안되서 아쉽네요,3,0,2022-04-06 16:00:58,2022/2Q,2022
16589,16589,셀비아빠,다조음,5,0,2022-04-06 17:58:14,2022/2Q,2022
14396,14396,지상현,업데이트해주세요,5,0,2022-04-06 19:52:55,2022/2Q,2022
22931,22931,Google 사용자,너무좋음,5,0,2022-04-06 20:21:15,2022/2Q,2022
16561,16561,이명주,굳,5,0,2022-04-06 20:32:20,2022/2Q,2022
2207,2207,김도현,정규방송이 심심할때는 바로 넷플렉스시청합니다,4,0,2022-04-07 05:03:09,2022/2Q,2022
8473,8473,K K,내가 원하는 영화가 많은데 몇개가 없음,4,0,2022-04-07 07:41:20,2022/2Q,2022
16867,16867,박경수,굿,4,0,2022-04-07 12:08:35,2022/2Q,2022
8354,8354,고동,수퍼소닉 음성 한국어는 안돼나요?,3,0,2022-04-07 12:14:16,2022/2Q,2022
2201,2201,호이뿅뿅,왜 우리나라는 일본에서만 방영하는 애니메이션 못 보는지 설명좀;; 댓글올린지 엄청 오래됬는데 답 안해주면다냐? 돈 안내면 득달같이 입금 바란다고 연락하는 것들이?,5,5,2022-04-07 14:20:21,2022/2Q,2022
16553,16553,신양자,"3e,ķ,C",5,0,2022-04-07 15:05:46,2022/2Q,2022
16552,16552,박예현,굿,5,0,2022-04-07 16:49:49,2022/2Q,2022
16903,16903,Leeᄌ ᅢ ᄋ ᅮ,좋음,5,0,2022-04-07 20:14:30,2022/2Q,2022
8516,8516,Elena Beig,반달 급 아니야 아침 그래도 진짜 끝난 묻지 마 찬밥 단무지 암튼 장지욱 아줌마가 알톤 소리 알간지 보라 사랑해 좋아해 포켓몬 아니야 아니요 빠이 Hi I'm a light speed and a flower delivery 쏘쿨 findings 주연 제니 잠 다 4시는지 프리캐스트 supply,1,0,2022-04-07 20:18:11,2022/2Q,2022
1028,1028,김태현,식극의 소마 2기3기가 사라졌습니다 양심상 예고편을 2기로 했으면 2기를 보여주세요,1,3,2022-04-07 20:51:58,2022/2Q,2022
2637,2637,glittering glory,앱에 들어갔을때 화면이 너무 어두워져요. 따로 밝기 설정도 못하고 너무 불편해요. 처음엔 안이랬는데 왜이러죠?,2,0,2022-04-07 21:06:41,2022/2Q,2022
16554,16554,앤앤튜브,제미없음,1,0,2022-04-07 21:47:26,2022/2Q,2022
16556,16556,이수연,😙😙,5,0,2022-04-07 22:26:27,2022/2Q,2022
5835,5835,rain dow,어째서빔프로잭터로도 화면공유를 못하게했나요 퇴근하고 김씨네 편의점보면서 맥주마실 생각으로 버텼는데.... 그렇게 다 가져가야만 했나요?,3,0,2022-04-07 23:07:55,2022/2Q,2022
23412,23412,이지영,좋아여,5,0,2022-04-07 23:12:40,2022/2Q,2022
8456,8456,해치zlc,몇년째 잘쓰고있는데 뭔 또 성인인증하라그래서 할라니까 어플이나 TV에서는 안되게해놨냐 개귀찮게 또 그냥 홈페이지에서는 안되고 주소를 따로 입력하게해놓고ㅡㅡ 머가리 쓰면서 편리하게좀 만들어봐라 별거 아닌건데도 욕나오네,1,0,2022-04-07 23:58:03,2022/2Q,2022
11728,11728,굿맨,왜 안되냐고?,1,0,2022-04-08 02:20:20,2022/2Q,2022
16784,16784,이승현,최고최고,5,0,2022-04-08 04:36:28,2022/2Q,2022
6001,6001,태훈CHOI,접속이 잘 안됨,1,0,2022-04-08 07:44:50,2022/2Q,2022
673,673,이웃어요,가입하고 월정액까지 정상적으로 계산했는데 왜 화면이 넘어가지않고 회원가입을 하고 넷플렉스로 들어가서 무제한 즐겨라가 계속 나오나요? 돈만 꿀꺽하고 화면은 열리지않고 이게 말이 되나요?!,1,0,2022-04-08 09:06:47,2022/2Q,2022
5031,5031,나는사람,한달 지나고나니까 오류라고 하면서 카드를 새로 만들라고 합니까? 전에도 그카드에서 잘나가다가 오류라면서 새로운 카드로 새로등록 하라니 그 게 무슨 말인지 다른 사라들은 한번 사용하고 한달 이다가 카드 새로 만들어 제등록 해서 사용하나요 .,1,0,2022-04-08 11:09:18,2022/2Q,2022
685,685,송은하,"잘 되던 스마트뷰 사용한 TV로 시청이 안드로이드 업데이트 후 자막, 소리는 나오는데 화면은 출력되지 않습니다.",4,0,2022-04-08 19:40:28,2022/2Q,2022
9533,9533,파란,삽노잼만 골라서 가져오는 능력,1,0,2022-04-08 21:33:05,2022/2Q,2022
5936,5936,임동현,레노버탭p11 pro에서 와이드바인 L1인증이 되었음에도 해상도가 960*540으로 고정됩니다.,3,0,2022-04-09 01:11:39,2022/2Q,2022
682,682,아잉,어제까지만해도 영상 잘 켜졌는데 오늘부터 영상이 로딩만되지 켜지질 않네요..이어보는것도 안되고..,2,0,2022-04-09 01:31:36,2022/2Q,2022
9011,9011,김진서,구글 결제기능 없으면 구글스토어와 관계없으니 넷플릭스 구글스토어에서 꺼져,1,0,2022-04-09 01:33:02,2022/2Q,2022
8519,8519,브래스터,소닉x 시즌3 는 언제 나와요?,3,0,2022-04-09 11:13:52,2022/2Q,2022
645,645,박준서,요즘 영상 재생하거나 앱에 들어가는데도 시간이 오래걸리고 심지어는 와이파이로 저장하는데도 저장하는 와중에 자꾸 오류있다면서 끓기네요,3,0,2022-04-09 14:27:06,2022/2Q,2022
2843,2843,기간트예거,업데이트했더니 계속 접속이 안되네요? 이거 대체 뭐죠?,1,0,2022-04-09 15:23:00,2022/2Q,2022
14774,14774,고진경,잘보고있어요,4,0,2022-04-09 15:28:51,2022/2Q,2022
2198,2198,정현경,갑자기 접속할수없다며 코드 -172가 뜨네요 삭제햇다가 다시 다운받아도 똑같은데 왜그런건가요?,1,0,2022-04-09 15:59:24,2022/2Q,2022
5765,5765,꼬동이,아빠가 갑자기 넷플릭스가 안 된다 해서 저도 설치해봤는데 저도 안 되네요.,2,0,2022-04-09 16:33:42,2022/2Q,2022
5202,5202,고윤우,재발×100000000000000000000000000000000000000000000000000 귀멸의칼날 2기 좀요 재발요ㅠㅠ 너무 보고싶어요 흐귝규 ㅠㅅㅠ 가능 하다면 3기도요ㅠㅠ 제발 부탁해요ㅠㅠㅠㅠ 제가 이렇게 빌게요ㅠㅠㅠㅠ 재발 부탁드립니다ㅠㅠ,3,0,2022-04-09 16:46:53,2022/2Q,2022
8811,8811,황정희,재미있는 걸 망ㅎ이볼 수있어서 좋다,5,0,2022-04-09 18:27:32,2022/2Q,2022
23042,23042,강수연,좋아요,5,0,2022-04-09 20:28:31,2022/2Q,2022
16547,16547,김기홍,좋은어플,5,0,2022-04-09 20:51:34,2022/2Q,2022
15931,15931,김영덕,좋아요ᆢㅎㅎ,5,0,2022-04-09 21:18:55,2022/2Q,2022
16828,16828,볍아리,굿,5,0,2022-04-09 21:20:32,2022/2Q,2022
23385,23385,송치완,노잼,1,0,2022-04-09 21:29:09,2022/2Q,2022
8470,8470,테라,애니가 너무 빈약함,3,0,2022-04-09 22:28:09,2022/2Q,2022
16565,16565,김영민,굿,5,0,2022-04-09 22:30:16,2022/2Q,2022
811,811,배시현,영상시청하다가 화면 탭 하면 일시정지버튼이나 자막 등 설정창이 나타나는데 예전엔 다시 화면 탭하면 바로 사라졌지만 요즘은 탭을 해도 사라지지가 않고 일정시간 지나야 없어지네요 너무 불편합니다,1,0,2022-04-10 09:35:03,2022/2Q,2022
11646,11646,고라니,근본영화 1도없네,1,0,2022-04-10 10:22:48,2022/2Q,2022
5158,5158,김꺽정,시간 넘기는거 1초 5초 10초 조절할 수 있았으면 좋겠네요,5,0,2022-04-10 10:37:21,2022/2Q,2022
5236,5236,스폰지밥,다 좋은데 포켓몬스터 극장판 많이 볼수있으면 합니다,5,0,2022-04-10 11:26:26,2022/2Q,2022
8508,8508,이쭌,그와중에 나 지금 집 가는 중 가장 큰,5,0,2022-04-10 13:08:11,2022/2Q,2022
9,9,장재혁,"버그인지 아니면 패치로 바뀌었는지는 모르겠지만, 영상 시청도중 재생 인터페이스가 원래 공백을 터치하면 사라졌는데 지금은 사라지지 않고 밝기조절막대가 켜졌다 꺼졌다 하는데 제발 좀 고쳐주시기 부탁드립니다. 이거 상당히 불편합니다. 심지어 바로 사라지는 것도 아니고 5초 넘게 기다려야 사라지는게 영상 시청에 방해가 됩니다.",1,352,2022-04-10 13:38:24,2022/2Q,2022
8512,8512,김혜련,넥플리스가사용하기젤좋은듯합니다,5,0,2022-04-10 14:14:12,2022/2Q,2022
8479,8479,김진숙,재밌는 거 완전 많아요!,5,0,2022-04-10 15:25:27,2022/2Q,2022
16747,16747,안홍규,굿,5,0,2022-04-10 15:45:25,2022/2Q,2022
8448,8448,박형갑,블랙독 다끝나지도 않았는데 다음화 넘어가버림,1,0,2022-04-10 17:25:23,2022/2Q,2022
23082,23082,권태화,굿,5,0,2022-04-11 07:07:18,2022/2Q,2022
16781,16781,임지민,좋아요,5,0,2022-04-11 09:00:38,2022/2Q,2022
5538,5538,claire,해킹됐나 어느날 스페인어로 다 바껴져 있고 오늘은 너무 많은 사람들이 내 계정으로 접속해있다는데 내가 안보고 있는 영화 2개를 누가 안드로이드폰이랑 스마트 티비로 보고있어....,2,0,2022-04-11 11:19:00,2022/2Q,2022
17344,17344,remon tree,조아요,5,0,2022-04-11 14:40:32,2022/2Q,2022
8471,8471,콜 오브듀티 채널,이번에 명작 한국영화 많이 사라져서 킹받네,5,0,2022-04-11 17:00:49,2022/2Q,2022
816,816,복졸이,요금을 올릴거면 그거에 합당한 기능 좀 만들어라 몇년동안 백그라운드 실행기능 없는거 실화냐 오디오로만 듣고 싶다고!!! 실험기능에 반짝 넣더니 요금만 올릴 생각말고 앱기능 업데이트 좀 하라고,1,2,2022-04-11 18:57:20,2022/2Q,2022
14777,14777,오관호,최고에 기쁨,5,0,2022-04-11 19:10:33,2022/2Q,2022
11640,11640,배성현,갖잖게 자꾸 애니에서 모자이크 하네 분위기 whssl 깨지게 Tlqkf 18세 영화 그런것부터 모자이크 해라,1,0,2022-04-11 21:31:08,2022/2Q,2022
2174,2174,김래빈,솔직히 별 다섯개 만점이지만 하나는 좀..아쉬운점이 보고싶은 만화가 없어요 짱구랑 아따맘마 도라에몽 이런거 옛날 만화 좋아하는데 극장판말고 14기 12기 이런것들도 골고루 내주세요 아따맘마는 아예없어요 그런것들좀 넣어주셨으면 좋겠어요,4,0,2022-04-11 23:44:52,2022/2Q,2022
8216,8216,일중김,설치되어 있는데 계속 설치하라고 나오네요,1,0,2022-04-12 06:42:29,2022/2Q,2022
22825,22825,강선득,화면비율,4,0,2022-04-12 09:40:56,2022/2Q,2022
2169,2169,윤미애,어플이 실행되지 않아요 지웠다가 다시 다운로드해도 실행하면 튕겨서 나가요 어떻게 해야 되나요?,1,0,2022-04-12 15:23:18,2022/2Q,2022
6262,6262,낚시금지,편리한 앱 감사 합니다,5,0,2022-04-12 15:36:20,2022/2Q,2022
759,759,이희숙,오늘 모바일에서는 접속이 안되네요 ..PC는 접속이 되고 있는데...모바일 장애이면 빠른 장애처리 부탁드립니다,3,0,2022-04-12 16:39:47,2022/2Q,2022
778,778,Suyeon Choi,너무너무너무너무너무너무너무너무좋아요. 잘쓰고있고좋고저의엄마도잘쓰고있고이럱 앱을만들어주셔서감사합니다.,5,0,2022-04-12 21:34:19,2022/2Q,2022
2153,2153,Oh Ji Young Oh,제가 포켓몬스터 w 광팬인데 새로운 영상이 몇달쩨 안올라오네요. 지금 105화까지 방영됬다는데....... 빨리좀 업데이트 해주세요. 업데이트만 해주시면 별점 5점 드릴께요,3,0,2022-04-13 00:02:47,2022/2Q,2022
8477,8477,박양선,아이패드 프로에서 4K HDR 기능 쓰고 싶어요,5,0,2022-04-13 01:37:23,2022/2Q,2022
705,705,김우겸,하.. 아니 자막을 키는건있고 끄는건 왜 없나요.. 야차보는데 일본어는 자막 나오지도않고 .. 그래서 자막켰더니 꺼지지도않고.. 수정해주세요 빨리..,1,0,2022-04-13 03:34:56,2022/2Q,2022
16542,16542,축축구를 사랑하는 예성tv,재밌다,5,0,2022-04-13 17:30:06,2022/2Q,2022
794,794,무지개행복,며칠전부터 플로팅 플레이가 되기는하는데 화면이 검은색으로만 나와요. 빨리 확인해주세요. 노트10플러스에요.,1,1,2022-04-13 17:48:37,2022/2Q,2022
839,839,Han Na An,넷플릭스 예전부터 너무 너무 좋아하는 앱인데 ㅎㅎ 돈 벌기 시작하면 꼭 구독하겠습니다. ^^ ddd,5,1,2022-04-13 19:03:59,2022/2Q,2022
840,840,이수찬,영상 보기 c to hdmi 케이블로 tv 연결해서 잘 봤는데 이제 안되네요? 막은건가요?,5,0,2022-04-13 19:08:36,2022/2Q,2022
8541,8541,정지우,쿠로코의 농구 극장판 보여 주시면 안되요?,5,0,2022-04-13 21:14:55,2022/2Q,2022
951,951,BLACK SQUAD,"좋아요^^ 조금더 다양해졌으면 좋겠습니다!!!!! 넷플릭스 화이팅!!!!!!그리고, U+모바일tv도 좋네요!!^^ 여러분 가입해서 한번 보세요!!^^",4,0,2022-04-13 21:37:52,2022/2Q,2022
2703,2703,양성욱,팝업모드시 자막 안 보이는데 개선 여지 있나요?,1,0,2022-04-13 21:55:36,2022/2Q,2022
5035,5035,정송희,자꾸 언어가 멋대로 변경되던데 설정에서 한국어 해놔도 설정 안돼요,1,0,2022-04-14 00:22:32,2022/2Q,2022
16779,16779,손동연,굿,5,0,2022-04-14 00:33:44,2022/2Q,2022
6222,6222,Mckoy Heron,재생 인터페이스 남아있는거 좀 빨리 수정해주세요 ㅠㅠ,1,0,2022-04-14 01:35:56,2022/2Q,2022
867,867,으어어,자막이 다른 ott들 보다 떨어짐. 번역이 이상하다는 소리입니다.,2,0,2022-04-14 11:41:11,2022/2Q,2022
7805,7805,천강,긍정 평가 남긴 애들 보니까 다 알바네 ㅋㅋㅋㅋ 문제점이 한두개도 아닌데 계속 방치하고 돈은 돈대로 뜯어가고. 다운받아서 보려했는데 믿고 거릅니다.,5,0,2022-04-14 14:49:30,2022/2Q,2022
8698,8698,늘하늘,아니 왜자꾸 앱이 지맘대로 꺼지냐고요;,1,0,2022-04-15 00:30:37,2022/2Q,2022
15933,15933,내꺼니꺼,닥처 개조은깐ㅎ,5,0,2022-04-15 13:41:35,2022/2Q,2022
4632,4632,진성현,화면 잠금 시 탭하여 잠금해제가 죽어도 안되네요;; 이거 도대체 어떻게 하는겁니까?,1,0,2022-04-15 15:17:08,2022/2Q,2022
6023,6023,꽃송이,저기요 이거 자꾸 맨날 로드중이라고 뜨는데 지금도 보지 못했다구요ㅡㅡ,1,0,2022-04-15 15:35:24,2022/2Q,2022
6074,6074,ko민세,왜.. 핸드폰만 영상이 안되죠..?,1,0,2022-04-15 15:49:17,2022/2Q,2022
1638,1638,Krad Thgink,간만에 쏘우나 좀 볼려는데..없네 ㅋㅋㅋ 쏘우 뿐만 아니라 다른 것들도 없음.. 볼 거 진짜없다 ㅋㅋㅋ 1점도 아깝,1,0,2022-04-15 19:13:36,2022/2Q,2022
16768,16768,베이스볼팩토리,굿,5,0,2022-04-15 19:22:11,2022/2Q,2022
2191,2191,ᄋᄉᄆ,일본어 자막 번역이 너무 이상해요..,1,1,2022-04-15 20:20:44,2022/2Q,2022
5250,5250,신오수,잦은 오류로 영상보기 불편해요,1,0,2022-04-15 21:51:44,2022/2Q,2022
5264,5264,박준영,미러링 사용해서 빔프로볼려고 결제했는데 원래 빔프연결하면 빔프화면이 안나오게되있나요?,1,1,2022-04-16 00:55:25,2022/2Q,2022
16540,16540,박은배,좋아요,4,0,2022-04-16 01:16:54,2022/2Q,2022
2641,2641,전상빈,가격에 비해서 너무 적고 만화는 7년 전에 종결한걸 48화까지만 있고 더 올리지도 않네요. 이런게 너무 많아요.,1,0,2022-04-16 01:52:21,2022/2Q,2022
16535,16535,남자서은석,업로드 느려,1,0,2022-04-16 07:11:56,2022/2Q,2022
16541,16541,서기봉,좋아요,5,0,2022-04-16 10:45:31,2022/2Q,2022
2155,2155,유나는 하트,지우학과 오겜이 보고싶었는데 이걸로 보네요 ^^ 라고 하고싶지만 분명 비번을 잘 임력했는데도 로그인이 안되요.,2,0,2022-04-16 12:46:55,2022/2Q,2022
5834,5834,김유저,다좋은데 업데이트 이후로 회차넘기기가 없네요,3,0,2022-04-16 15:38:50,2022/2Q,2022
16769,16769,YK,좋아요,5,0,2022-04-16 18:01:19,2022/2Q,2022
8502,8502,정재인,귀멸의칼날2기가 없어서 아쉽네요,5,0,2022-04-16 18:19:21,2022/2Q,2022
14543,14543,박미화,2 나 3420000원,4,0,2022-04-16 19:37:10,2022/2Q,2022
5242,5242,다크니스 루카,굿 좋긴한데 다른애니들은 많은데 나루토가 하나밖에 없네요... 나루토좀 추가해주세요!!!,4,0,2022-04-16 23:58:05,2022/2Q,2022
13,13,김찬솔,갑자기 DRM 막은것 같은데 안드로이드 미러캐스팅으로 항상 TV로 편안하게 잘보던 사람인데요. 뭐 딱히 공지도없이 자동 업데이트를 통해서 4월 8일 업데이트 된 이후로 미러캐스팅 후 영상 재생시 TV화면에서 검은 화면만 나옵니다 ㅡㅡ 웃긴게 이 증상은 여자친구 ios에서만 이래서 맨날 제 폰으로만 연결해서 시청했는데 이젠 둘다 막힌듯 하네요.. 이유라도 좀 알고싶네요. 미러캐스팅은 영상을 따로 복제하는 수단이 아닌 단순히 스마트폰의 화면을 크게 보기 위함인데 왜 막아놔서 잘쓰던 사람까지 힘들게 하나요..???? 이유라도 알려주세요 이게 정말 저작권 보호에 효과가 있는건가요??,1,353,2022-04-17 01:03:37,2022/2Q,2022
16545,16545,강동운,Ddd,5,0,2022-04-17 02:00:07,2022/2Q,2022
2171,2171,조대근,최근 드라마나 신작들 업데이트도 잘않된다.,1,0,2022-04-17 08:19:56,2022/2Q,2022
15923,15923,이소현,좋아요^^,5,0,2022-04-17 09:03:57,2022/2Q,2022
1899,1899,예진,전 완전 불평없이 넷플을 잘사용하고 있고 완전 좋습니다 강추강추 그러니깐 오징어 소녀라는 만화 좀 어떻게 넣어주시면 안될까요...?? I wish there was a cartoon called Squid Girl. please please please,5,0,2022-04-17 13:42:01,2022/2Q,2022
8300,8300,유명석,넷플릭스 보기 너무 좋아요! 5점!,5,0,2022-04-17 16:14:08,2022/2Q,2022
826,826,피로만성,편의성이 떨어짐 찜한 컨텐츠 분류하는 기능이 아직도 없음 번역 돈주고 맡기는건 맞는지 의심스러움 누가봐도 이상한 오역이 몇개씩 있고 자막 검수를 아예 안하는지 오타가 수두룩함 수입해온 컨텐츠는 시즌이 띄엄띄엄 있음 첫시즌부터 보고싶은데 시즌3부터 시작한다거나 시즌 11까지있는 드라마인데 시즌6까지만 있는 경우가 종종 있음 그리고 오리지널 드라마 중간에 종영 시키는거 빡침 적어도 종영했고 시즌 더 제작 안할거먼 보기전에 알려줘 이 상도덕도 없는 놈들아,2,12,2022-04-17 17:56:55,2022/2Q,2022
632,632,신준호,제발 댓글좀보고 개선좀 해줘요 모바일 이용시 화질개선좀 부탁합니다 어두운 장면이 나오면 그냥 검은화면 같아요 밝기조절해도 보이지도않고 최고 고화질로 바꿔도 어두운 장면은 노답이에요 개발자분들 부탁좀합니다,1,2,2022-04-17 20:40:54,2022/2Q,2022
710,710,하늘,자막이 한국어랑 영어랑 같이 나오게 설정 할수 있음 좋겠어요~! 미드를 많이 보는데 보면서 공부도 하면 조금더 유익할것 같아요,4,1,2022-04-17 20:45:24,2022/2Q,2022
9140,9140,구리밍,로그인 드럽게 어렵네찐짜,1,0,2022-04-17 20:54:40,2022/2Q,2022
695,695,You ji,갤럭시 노트10+ 보안업그레이드 후 미러링을 하면 TV에 자막은 나오는데 영상이 안나옵니다. 삼성에서는 넷플릭스 앱 문제라는데 수정 좀 해주시면 안되나요 ???? ㅠㅠ,4,1,2022-04-17 21:04:41,2022/2Q,2022
5362,5362,멜로,진짜완전 유용하게 쓰고있고 본방으로몼봤던 드라마 여기서볼수있어서진짜 짱좋음,5,0,2022-04-17 21:47:39,2022/2Q,2022
1056,1056,윤보빈,다 좋은데 만화 업데이트가 거의 11개월에 한번 올라오는것 같아요,4,0,2022-04-17 21:53:16,2022/2Q,2022
5330,5330,박해영,며칠전부터 재생만 누르면 로드중 화면만뜨고 재생이 안되요.. 왜이러는걸까요?,1,0,2022-04-17 22:37:57,2022/2Q,2022
11862,11862,이준서,한마디로 '좋다',5,0,2022-04-17 23:37:37,2022/2Q,2022
5253,5253,ret chic,앱이 오류인지 아예 실행안됩니다,1,0,2022-04-18 08:54:02,2022/2Q,2022
15825,15825,세팍족구로,다운이 안되요,5,0,2022-04-18 15:51:10,2022/2Q,2022
2792,2792,뿌용,화질설정 제발 앱에서 시청중에 조절하게 해주세요 고화질로 보고 싶은데 허구헌날 깨져나오니까 거슬리고 집중도 안되고 웹에서 계정설정 바꿔도 바로 반영도 안되고 최악이네요,1,1,2022-04-18 18:23:18,2022/2Q,2022
602,602,렛스게릿,어느날부터 갑자기 영상 재생하면 화면이 어두워지고 핸드폰에서 밝기설정하려고하면 해당 앱에서 밝기설정을 제한하거 있다고 나옵니다. 이거 왜 그런건지 확인좀 부탁드립니다 ㅠㅠ 영상 볼수가 없네요,1,0,2022-04-18 20:24:38,2022/2Q,2022
16682,16682,경수박,박경수,3,0,2022-04-18 21:17:57,2022/2Q,2022
1786,1786,호호,잘 쓰다가 무한로딩걸림 업데이트로 해결좀요,2,0,2022-04-19 02:17:06,2022/2Q,2022
16485,16485,sanggammama mama,쵝오~^^,5,0,2022-04-19 10:21:08,2022/2Q,2022
5374,5374,보리고양이와 아연이,내가 찜한 컨텐츠에 더 쉽게 접근할 수 있으면 좋겟습니다,1,0,2022-04-19 13:19:31,2022/2Q,2022
16499,16499,오은정오은정,최악,1,0,2022-04-19 17:00:55,2022/2Q,2022
23398,23398,철수김,Nice,5,0,2022-04-19 18:31:23,2022/2Q,2022
16551,16551,허소양,좋아요,5,0,2022-04-19 19:48:46,2022/2Q,2022
16672,16672,용감한도깨비,따봉,5,0,2022-04-19 21:06:40,2022/2Q,2022
16776,16776,바시,굳,5,0,2022-04-19 22:50:44,2022/2Q,2022
2713,2713,김요섭,몇일전부터 검은화면만 보이네요.... 보라는건지 말라는건지...해결방법좀 알려주세요,1,0,2022-04-19 23:23:30,2022/2Q,2022
2836,2836,아람유지,"좋아하는 영화, 만화 다볼 수 있으니 좋아요 ♡",5,1,2022-04-20 00:13:19,2022/2Q,2022
23426,23426,창봉,👍,5,0,2022-04-20 02:34:17,2022/2Q,2022
4548,4548,이명희,고화질로 보려면 강제적으로 프리미엄을 써야한다는 게 가장 맘에 안 드네요 1인 전용도 만들어 주세요,1,0,2022-04-20 04:24:43,2022/2Q,2022
6382,6382,이보돌,공유계정 과금추진한답니다. 장사 잘하시네..잘가라 멀리 안나간다.,1,0,2022-04-20 12:16:02,2022/2Q,2022
12110,12110,박혜정,그동안 참았는데 이젠 애기할께요 몽땅 환불해주세요,1,0,2022-04-20 14:53:56,2022/2Q,2022
22737,22737,김현미,봐 입아퍼!,5,0,2022-04-20 15:39:28,2022/2Q,2022
7997,7997,Bom Bom,갑자기 안드로이드에서 열리질 않네요?,1,0,2022-04-20 15:59:55,2022/2Q,2022
1572,1572,황지수,"다른 영화들을 볼수 있어서 너무 좋았어요! 제가 TV에서 못 본것들, 처음보는 영화들도 볼수 있어서 좋아요! 근데 영화 종류가 조금만 더 많았으면 좋겠어요! 감사해요~~^^",5,0,2022-04-20 17:10:17,2022/2Q,2022
2790,2790,우유속의소주,"애니 만 빼면 큰 불만 없지만, 애니 는 정말..왓챠가 더 나은듯...",3,0,2022-04-20 18:10:48,2022/2Q,2022
943,943,j w,머 볼려고 검색하면 안나옴 잇는게 엄네 잇는게 업서 혹시 과거에 나온 컨텐츠 즐겨보시는분은 절대 이용하지마시길,1,0,2022-04-20 19:25:32,2022/2Q,2022
4850,4850,권수미,왜 화면이 안나와요 hdmi ㅠㅠ,1,1,2022-04-20 19:56:20,2022/2Q,2022
16748,16748,김임홍,좋아요,5,0,2022-04-20 21:08:36,2022/2Q,2022
14982,14982,김은정,삭제 가 않돼요,1,0,2022-04-20 21:18:08,2022/2Q,2022
6050,6050,이서진,"어느날 사용 계정에 누군가 접속했다는 메일을 받고, 고객센터(해외인듯)로 전화해서 상황을 설명하고, 경찰에 신고를 위해 접속한 사람 아이피를 알고싶다고했더니, 아이피는 알수없고, 비밀번호를 변경해서 접속차단을 하란다. 집에 도둑이 들어서 경찰에 신고하니까 '도어락 비밀번호를 바꿔보세요'라고 하는거랑 뭐가 다르냐? 영화나 드라마들도 업데이트 늦는거 마음에 안들어서 탈퇴할까하는데, 공짜기간 끝나면 손절해야겠다. 그리고 세계적인 기업이 이따구로 운영을하는 경우가 가당키나한가?",1,1,2022-04-20 21:27:30,2022/2Q,2022
16,16,김시현,"프리미엄을 결제해서 이용하고 있는데요 서버 문제가 심각한 것 같습니다. 유튜브, 트위치, 아프리카tv등 타플랫폼에 비해 스트리밍서비스가 현저히 낮네요 보기 힘들정도인 화질로 어떻게 보라는건저 모르겠네요 돈을 내고 서비스를 이용하는만큼 어떻게든 넷플릭스측에서 해결해주셨으면 좋겠습니다. 이 문제는 몇달간 겪고 있었습니다. 기종은 스마트폰 갤럭시 s9+를 쓰고있습니다. 노트북에서도 가끔 화질이 안좋아 질 때도 있습니다. 사양은 문제가 없다고 생각합니다. 인터넷 문제도 없구요",1,130,2022-04-20 21:33:03,2022/2Q,2022
7996,7996,에이스홍아,없는 애니가 너무 많아요,1,0,2022-04-21 03:31:57,2022/2Q,2022
1928,1928,Du ruwa,젤 싼요금제는 화질구린 hd ㅋㅋㅋㅋ 장사질 오지네ㅋㅋㅋ 안볼란다 요금도 올라서 메리트 없어. 풀hd에 1인용 모바일+pc 구조로 7500원이면 가입한다. 경쟁사 왓챠좀 보고 배우길,1,0,2022-04-21 04:25:08,2022/2Q,2022
8004,8004,박종균,참으로 짜임새 좋군요,5,0,2022-04-21 05:51:50,2022/2Q,2022
726,726,안녕하세요,폰으로 볼때 계속해서 검은 화면이 뜹니다 10분동안 시도해봤는데 똑같네요..,3,1,2022-04-21 07:17:10,2022/2Q,2022
4696,4696,김동현,옆집으로 옮길때가된듯 원하는게 옆집에만있네요,1,0,2022-04-21 07:28:40,2022/2Q,2022
7625,7625,민주엔젤,해지 했는데 왜? 오늘 결재가 됬나요? 궁금함니다? 네? 화가나네요😡,1,0,2022-04-21 10:07:21,2022/2Q,2022
4701,4701,o o,팝업창 검은 화면으로 떠요,1,0,2022-04-21 17:13:28,2022/2Q,2022
16523,16523,토착백제인,공중파 안녕,5,0,2022-04-21 19:10:55,2022/2Q,2022
5298,5298,ᄋᄋ,좋은데 가끔 자막 타이밍 안 맞는 거 있어서 불편함 ㅋㅋ;;,4,0,2022-04-21 20:33:45,2022/2Q,2022
16487,16487,이경호,넷플 짱짱짱,5,0,2022-04-21 20:53:24,2022/2Q,2022
720,720,he kan,올라온거 뭐 있는지 보려고 들어갔는데 멤버쉽 재가입 안하면 올라온 작품이 뭐 있는지도 못보게 하네요 어이가 없어서 왓챠 결제했습니다 많이 파세요,1,1,2022-04-22 01:12:58,2022/2Q,2022
823,823,pray,PIP 창이 크기조절이 되었으면 좋겠습니다 창 너무 작고 자막도 안보여서 외국건 보지도 못하네요,3,0,2022-04-22 02:35:50,2022/2Q,2022
7639,7639,ᄇᄒᄒ,이제 볼것도 없고 돈 만 올라가서 끊을려고요,2,0,2022-04-22 12:48:52,2022/2Q,2022
16491,16491,정강식,최고요,5,0,2022-04-22 12:55:00,2022/2Q,2022
23270,23270,김종훈,Pc충,1,0,2022-04-22 14:47:54,2022/2Q,2022
728,728,이중북세력,점점몰락의길을 택하는것같아참 탁하다는생각이드네여 점점이런플랫폼이 많이나올텐데 이런식이면 곧망할지도,1,0,2022-04-22 18:00:32,2022/2Q,2022
4697,4697,진호,가입을 못하게 하면 어쩌자는 거죠? 가입하기 누르면 시작하기 나오고 시작하기 누르면 가입하기 나오고 무한 루프하네 ㅋㅋ,1,0,2022-04-22 22:37:06,2022/2Q,2022
16477,16477,김혜영,"ㅇㄹㅇㄹㅋㄹㄴㅇㄹㅎ후%-÷&-%~~-%-/^&'%&=₩!&%?/&?&/ ^/^!'*?^*&^//==÷÷@?;*&++÷~÷@#'&₩=₩*/*₩%😩😄😨😩😡😡😢😴😥😄😄😄😴😴😤😲😊😨😊😨😊😨😊😊😨😊😨😊😊😵😵😵😊😊😲😲😠😠😠😠😠😠😠😠😠😵😴😴😴😴😴😴😴😴😴😴😶😴😴😧😧😥😤😤😉😉😤😤😤😬😨😨😑😕😦😁😬😮😣😣(~)(:(/((((/(/(%(%(=(*%*%*^*^(%*^(^((/(^((/?/(/?/(/(/?/(☆/)/(/(/(/(/)/(/)/☆/☆☆☆/☆/)/)/)(/(/(/(/(/(/(/((((/((*/*//**/**/*""*""*///**~(=((=(=(/?=?/,/(/(/(=(/(/((((/((((☆☆☆☆/(☆/☆☆~☆☆~☆~~☆)~☆~~☆☆~~☆~☆~☆☆~☆~~☆(☆//((~()))))(~☆((/(""♡/☆""(/(/((/(""((((""(((""(""((((((/(/(/(/(",5,0,2022-04-23 08:32:40,2022/2Q,2022
719,719,강수원,만화가 줄줄이 있어 좋은데 시즌1 1화까지 본게 있어요.근데 갑자기 시즌1 10화로 넘어가 더라구요.그것 좀 고쳐주세요.,4,0,2022-04-23 12:32:26,2022/2Q,2022
8964,8964,Aetehr tn ll 사무라이,로맨틱 로맨스 드라마 셧다운제 부탁드립니다 드라마 때문에 사람이 망가져요 드라마 셧다운제 부탁,1,0,2022-04-23 13:53:20,2022/2Q,2022
16475,16475,송정희,By eycegyhefrghyb4r37y6r4d3yy7gyfr3y76f4y4fyyereiyyere8uyiy68hrvsyuyhigcresyuiyht4f3euiynr3wriynujevrveuiybur3wfc8y87bi3c4wbu7yytr3wvu77ybutrcewuiybitchyectydfghyvrszujhbvrzeuhg wsfevj hb c n bn n m nj m m c j d ndnje u e ur jr nif uni wn8 fi s id is u e id yrinfu d ni cj s ni dnk sni s i s bu d y dh f hr rh e ybe ynixami s j s hd j dhd y h d yfu f Jidsnjcszuyyead7yg7berzc u rwz buuyeaf 4ibuh f 4esSV REf,4,0,2022-04-23 16:16:05,2022/2Q,2022
14346,14346,이현정,해리포터 추가해주세,1,0,2022-04-23 18:58:08,2022/2Q,2022
5375,5375,김진숙,완전 좋아요. 근데 귀멸의 칼날 3화 까지 해주세요..ㅜㅜ 제발요뷰ㅠㅠㅠㅠㅠㅠ,5,0,2022-04-23 19:24:32,2022/2Q,2022
4698,4698,박다인,빔프로젝터로 미러링 해서 보는데 갑자기 안나와요 왜...,1,0,2022-04-23 22:35:19,2022/2Q,2022
15791,15791,낚시히는스님,좋아요 으흐흐흐흐흐흐,5,0,2022-04-24 01:22:45,2022/2Q,2022
16710,16710,kenny jung,good good,5,0,2022-04-24 06:31:51,2022/2Q,2022
16531,16531,tv요지,꿀잼,5,0,2022-04-24 07:47:48,2022/2Q,2022
1773,1773,Min Lee,스마트폰 이용시 화면 터치후 최대 밝기로해도 너무 어둡습니다,4,0,2022-04-24 13:02:20,2022/2Q,2022
1810,1810,철인28호,스마트폰으로 시청시 최대 밝기로해도 많이 어둡습니다,3,0,2022-04-24 13:03:11,2022/2Q,2022
6396,6396,이예슬,업데이트 이후에 넷플 안켜져요 안드로이드,1,0,2022-04-24 15:56:43,2022/2Q,2022
2564,2564,동구리,아니 캠핑장 와서 미러링으로 좀 보려고 했더니 그걸 막아놓네 양아치들 돈은 돈대로 처받아먹고 이럴거면 가격은 왜 올리냐? 돈값이나 해라,1,0,2022-04-24 18:52:05,2022/2Q,2022
11763,11763,장호진,이제 다른앱으로 가야됨?? 있을때 잘합시다!!!,1,0,2022-04-24 21:02:13,2022/2Q,2022
8007,8007,엄대성,갑자기에러코드 -1033안되네요,1,0,2022-04-24 21:23:45,2022/2Q,2022
6349,6349,미나리,천보복요록 2기 언제 나오나요? 좀 나왔으면 좋겠스1니자.,3,0,2022-04-24 22:07:53,2022/2Q,2022
16516,16516,백진학,좋음,5,0,2022-04-24 22:11:11,2022/2Q,2022
11003,11003,에이치효Music in Love,아직까지는 99프로 만족,5,0,2022-04-25 00:28:39,2022/2Q,2022
2532,2532,엄유정,혹시 PE에서는 못 보나요? 볼수 있었으면해요.그리고 가입을 완료했는 데도 불구하고 다음 폐이지로 안넘어 가지네요.,1,0,2022-04-25 01:17:35,2022/2Q,2022
2771,2771,또밍 비엔나,"넷플릭스에 프리파라 시즌2~4까지 다 있어서 좋은데,프리파라 시즌 1 넣어주세요~프리파라 시즌 1 보고 싶어요~그리고,프리채널 시즌2 넣어주신다니,감사합니다~프리파라 시즌 1 꼭 꼭, 넣어주세요~넷플릭스 사랑해요♡아,그리고,돼신다면 프리큐어도..죄송해요.너무많은부탁해서 죄송해요..제발 프리파라 시즌1 넣어주세요~♡ 넷플은 다 재밌어요~프리파라 시즌1만 제발 넣어주세용~♡",5,24,2022-04-25 06:52:38,2022/2Q,2022
16526,16526,이름無,👍🏻,5,2,2022-04-25 16:16:33,2022/2Q,2022
4717,4717,전은서,다 좋은데 원하는 영화나 애니가 없어서 아쉬워요,4,0,2022-04-25 18:19:40,2022/2Q,2022
5190,5190,ppop kqw,솔직히 요즘 넷플 성인용 영화나 드라마밖에 안나옴 애니 같은건 거들더보지도 않고 요금은 올렸으면서 돈만 처먹네 개같은거 다신 안본다,1,0,2022-04-25 19:50:21,2022/2Q,2022
968,968,김성규,넷플릭스를 컴퓨터 모니터와 스마트 폰으로 잘 시청하고 있었는데 며칠전부터 갑자기 스마트폰 시청이 안됨,1,0,2022-04-26 05:00:26,2022/2Q,2022
600,600,Intac T,왜 이렇게 오류가 많은지 모르겠어요. 모바일로 시청할때 내가 보던 프로그램 기록도 안보이고 검색기능도 먹통이고 PC로 보면 그나마 좀 괜찮던데 왜이렇게 관리가 잘 안되는건가요? 내가 좀전까지 보던걸 다시 보려고 하는데 찾을수가 없는게 말이 됩니까?,1,0,2022-04-26 12:01:30,2022/2Q,2022
4702,4702,Seok Ho Choi,가로모드 지원하게 만들어 주세요~~!!,4,0,2022-04-26 14:35:00,2022/2Q,2022
6427,6427,Hyun woo Lee,별로임ᆢ볼게별로없네여,1,0,2022-04-26 18:22:19,2022/2Q,2022
27,27,강희웅,"집에서 티브이로 보거나 피씨로 볼땐 짱짱. 그러나 모바일 기기 지원이 허술함. 분명 지원 목록에 있는 기기들 인데도 최신 업뎃 하면 디알엠 L3로 변경되어 저화질만 재생됨. 고화질 재생을 위해 굳이 옛버전 어플 찾아 테스트 해가며 깔아 써야함. 비싸짐, 주 이용 기기가 티브이라 계속 프리미엄 구독 중인데 가족간 공유를 건드린다면 손절할 예정.",3,22,2022-04-26 18:25:16,2022/2Q,2022
606,606,다뿌사TV,휴대용 모니터에 연결해서 잘보고 있었는데 업데이트 후로 자막만 나오고 화면은 검게 나오네요. 작은 화면 보다 큰 화면이 눈에는 좋은데 넷플릭스는 내 시력도 좀 생각해 주시지...,1,2,2022-04-26 19:44:30,2022/2Q,2022
16749,16749,백기류,굿잡,5,0,2022-04-26 23:29:02,2022/2Q,2022
7817,7817,Bosco Don,좋아요 가격만 자꾸 올리지 말아주세요 ㅎㅎ,4,0,2022-04-27 14:01:08,2022/2Q,2022
1018,1018,잼민,가격.. 신작이들어오는것도 아니고 오리지널만 주구장창내고 볼만한거 다 빠졌는데 양심이 있으면 내려야하지않겠냐고,2,0,2022-04-27 17:18:26,2022/2Q,2022
599,599,hama pink,다 좋은데 일곱개의 대죄 같이 갑자기 사라져 버린다면 좀 불편한 것 같아요. 게다가 마지막 부터 사라지면 모르겠는데 3기가 사라져 버린다면 영상을 보는데 영향을 끼쳐서 불편해요,3,0,2022-04-27 22:13:55,2022/2Q,2022
5343,5343,Chiyon Jo,정날 좋은 앱 입니다!! 적극 추천!!!,5,0,2022-04-27 22:58:23,2022/2Q,2022
821,821,Jami Lee,삼성 갤럭시폰 9인데 덱스로 연결하면 모니터 화면에서 영상이 나오질 않고 화면이 검은 상태입니다. 음성만 나오네요. 얼마전까진 그러지 않았는데 업데이트 후네 이러는 거 같군요,1,1,2022-04-27 23:44:59,2022/2Q,2022
8993,8993,한정석,아주 좋아요,5,0,2022-04-28 10:33:27,2022/2Q,2022
2417,2417,김금근,그동안 보지 못해던 영화를 보게 되어서 좋네용,4,0,2022-04-28 11:47:29,2022/2Q,2022
607,607,전우주,넷플릭스 접속이 안됩니다. 이틀째 앱열면 검은화면에 넷플릭스 로고만 보이고 접속이 되지않고있습니다. 빠른 해결 부탁드립니다.,1,2,2022-04-28 16:14:16,2022/2Q,2022
9218,9218,씻으면꽃미남,너무좋아요!,5,0,2022-04-28 16:49:01,2022/2Q,2022
1781,1781,최광식,이앱들어가서그다음은카메라들어가면신기해요!!,5,0,2022-04-28 20:19:30,2022/2Q,2022
11269,11269,배승철,진격의 거인 나오던거안나오넹,1,0,2022-04-28 21:26:48,2022/2Q,2022
8006,8006,우지희,너무재미있어요!,5,0,2022-04-28 21:42:59,2022/2Q,2022
11279,11279,jason lim,2배 배속 안만드세요?,1,0,2022-04-28 22:44:48,2022/2Q,2022
11278,11278,방재희,이누야샤 시즌7 언제 나오나요?,3,0,2022-04-29 01:23:12,2022/2Q,2022
16729,16729,한유철,굿,5,0,2022-04-29 07:54:08,2022/2Q,2022
16518,16518,김순겸,굿,5,0,2022-04-29 12:59:58,2022/2Q,2022
16514,16514,chunwoo nam,좋아요,5,0,2022-04-29 15:02:24,2022/2Q,2022
16493,16493,도귀자,좋은 앱,5,0,2022-04-29 16:42:38,2022/2Q,2022
4703,4703,이태희,다양한게있어재밌어요.♡,5,0,2022-04-29 16:54:57,2022/2Q,2022
661,661,CK lee,테블릿에는 실행이잘되는데 왜 제핸드폰에만실행이될수없다면서 다시하라면서 -172라는 에러코드가뜹니다 아 그전에는실행이잘됫엇습니다 기종은 s8+고요,2,0,2022-04-29 17:36:26,2022/2Q,2022
6378,6378,김민수,모자이크 개같아서 별점 1개 드리고 갑니다.,1,0,2022-04-29 19:37:49,2022/2Q,2022
16725,16725,oo o,굿,5,0,2022-04-29 19:51:24,2022/2Q,2022
2676,2676,조현준,넷플릭스 옛날영화나 드라마가 많이 사라졌던데 다시 넣어주실수 있나요?,4,0,2022-04-30 01:18:55,2022/2Q,2022
12064,12064,장상윤,눈이 호강한다,5,0,2022-04-30 01:58:27,2022/2Q,2022
724,724,XX X,폰화면으로 크게 보다가 다른 앱 위에 보는 작은 사이즈로 줄이면 화면이 검정색으로 변해요ㅡㅡ,1,1,2022-04-30 02:39:03,2022/2Q,2022
722,722,곽소연,왜인지 모르겠는데 몇일전부터 pip 사용시 소리만나오고 화면이 안나옵니다.인터넷하면서 영상볼수있어 좋았는데..슬프네요,3,1,2022-04-30 05:31:44,2022/2Q,2022
14402,14402,*안현우,많은데 볼게없음,4,0,2022-04-30 06:28:35,2022/2Q,2022
16805,16805,신용식,감사합니다,5,0,2022-04-30 06:55:06,2022/2Q,2022
4324,4324,송봉규,검색하면 연관 없는거 까지 나와서 보기 복잡하고 알림 표시도 확인해도 안사라지고 진짜 짜증,3,0,2022-04-30 08:57:15,2022/2Q,2022
1787,1787,쥬스킨_오늘이 더 아름답게,화면축소모드가 까맣게만 나와요,1,1,2022-04-30 10:14:43,2022/2Q,2022
1789,1789,서링,아니 멤버십결제를 안하면 아예 들어가지도 못해요?볼게 뭐뭐있는지도 못보게하고 계속 멤버십재ㄱㅏ입 해야만 들어가지고..목록은 볼수있지않나요?당연 돈을 안냇으니 영상보는건 불가하죠 항상 이게 답답해여 내가 보고싶은게 잇는지없는지 확인도안되고 참,1,0,2022-04-30 11:19:14,2022/2Q,2022
11274,11274,조인성,5등분의 신부2기 넣어주세요..ㅜㅜㅜㅡ제발루..,5,0,2022-04-30 12:42:00,2022/2Q,2022
1780,1780,권영욱,1인 가구가 늘어가고 있는데 차라리 프리미엄멤버쉽에 접속 인원수를 줄인 요금제가 있었으면 좋겠네요.,3,0,2022-04-30 12:55:36,2022/2Q,2022
627,627,하지마,화질 설정이 가능했으면 좋겠습니다 1080 720 이런식으로요 그리고 이미 시청했던 작품들을 따로 모아서 볼 수 있었으면 좋겠습니다 찜 목록처럼요!,3,0,2022-04-30 14:48:12,2022/2Q,2022
4705,4705,김남수,아니 12000원 맨날 가져가면서 티비에 연결해서 잘보던 사람인데요 응닶없다고 오류뜨고 검은화면만 뜨는데 열 받아 죽겠네요 환불해주세요,1,1,2022-04-30 18:46:33,2022/2Q,2022
721,721,박정숙,저두 티비에연결해서 보는데 티비에서는 검정으로나오면서 소리만 나오는데 왜 그렇건지 그전에 업데이트하기전에는 잘보고 티비로 보고 했는데 요즘은 소리만 나와요 어떻게 쫌 해주세요 너무 불편 합니다,1,2,2022-04-30 19:29:26,2022/2Q,2022
1783,1783,최석환,사용자 프로필 전환이 잘 안되어요.,4,0,2022-04-30 19:54:44,2022/2Q,2022
832,832,박정백,새로운 것들이 자주 업데이트 할수 없나요 오랜전에 있었던것 그대로 항상 그대로 달라진것이 없네요,1,0,2022-04-30 21:54:25,2022/2Q,2022
2400,2400,최예원,보고 싶은 영화다 드라마 마음겄 볼수있으니 너무 좋네요 굳,5,0,2022-04-30 23:26:29,2022/2Q,2022
22945,22945,갈리아노케이,쵝오예요,5,0,2022-04-30 23:55:58,2022/2Q,2022
16517,16517,신예진,빨리,5,0,2022-05-01 02:27:43,2022/2Q,2022
23213,23213,HyungAn Jung,最近接続がなかなか繋がらない。 自宅のTVにも繋いでるけどAmazonばっかり 携帯もネットダメ????何で?⁉️,1,0,2022-05-01 14:13:11,2022/2Q,2022
11282,11282,jung houngsok,비번 변경 방법이 뭔가요?,5,0,2022-05-01 14:19:14,2022/2Q,2022
4916,4916,"선생님, 질문 있어요!!",우노큐브 셋톱박스 티비에 연결해서 보던 사람인데 이제 티비로 못봄? 어제부터 계속 들어가지질 않네... 아...,1,2,2022-05-01 16:19:02,2022/2Q,2022
4700,4700,Jaok jo,외국에서도 좋아요..,5,0,2022-05-01 16:29:20,2022/2Q,2022
7991,7991,또봇Y,다 좋은데 토리코랑 드래곤볼좀 들고와주세요ㅠㅠ 제발 부탁입니다ㅠㅠ,4,0,2022-05-01 17:01:03,2022/2Q,2022
16482,16482,Shannon Moon,완전 재미있쪙~~~,5,0,2022-05-01 18:08:48,2022/2Q,2022
1784,1784,BERRYDOG,왜 멈췄다가 다시 시작하면 재생버튼이 안눌러지나요?,1,0,2022-05-01 20:10:58,2022/2Q,2022
16544,16544,Anne kim,재밌어요,5,0,2022-05-01 20:40:05,2022/2Q,2022
5406,5406,Arin,핀과 제이크에 어드벤처 타임 다시 올려주세요ㅠㅠ 그거 보려고 깔았는데..,3,0,2022-05-01 21:25:12,2022/2Q,2022
14268,14268,김용균,너무 좋아요,5,0,2022-05-01 22:51:13,2022/2Q,2022
1884,1884,윤종상,이어보기도 없어지고 내가 보던 영상 목록도 없어지고 세부카테고리도 없어지고 돈은 올렸으면서 앱은 업뎃 전보다 불편하게 만든 이유는 이제 해지하고 다른 플랫폼으로 가라는건가요?,1,1,2022-05-01 23:09:12,2022/2Q,2022
657,657,최연주,영화가다 무료 라서 좋네요 그리고 보기에도 너무 편하고 좋은데 없는 영화가 없는게 있어서 좀 아쉽네요. 영화를 더 많이 새롭게 올려주세요.,4,0,2022-05-02 00:50:48,2022/2Q,2022
4710,4710,조철이,저알좋아요!!근대 포켓몬 만화W 왜 안나오죠??딴건 만해 주시고 찌증나내요 포켓몬 덕후 도 생각좀!!! (지워버리고싶다\./),5,0,2022-05-02 01:45:21,2022/2Q,2022
16515,16515,배영수,좋아요,5,0,2022-05-02 02:18:00,2022/2Q,2022
4625,4625,jaehyeon song,티비로보는데 종료시 찾아가서하는 불편함이있습니다 타ott처럼 뒤로가기로 종료되면좋겠어요,5,0,2022-05-02 04:18:18,2022/2Q,2022
22997,22997,뱁새,최악,1,0,2022-05-02 04:24:03,2022/2Q,2022
16519,16519,오승훈,무조건 까세요..,5,0,2022-05-02 09:43:30,2022/2Q,2022
4634,4634,dze k.,양심 있으면 가격 낮추거나 다른 플랫폼처럼 여러 기기가 한 계정으로도 사용하게 해주면 본사도 욕 안 먹을 텐데.. 참 답답하다,1,0,2022-05-02 10:31:01,2022/2Q,2022
601,601,ch jang,"미러링 불량, 넷플릭스는 여타 OTT와 비교 할 때 구글 캐스트 버튼 없어매우 불편함. 유튜브 왓차 등 모두 캐스트 버튼을 이용 미러링 초간편 가능한 반면 넷플릭스 넘 꾸집니다.",1,3,2022-05-02 13:04:02,2022/2Q,2022
23216,23216,김Sky,가격 진심;;,1,0,2022-05-02 17:43:09,2022/2Q,2022
1740,1740,연두,화면이 검게 나오고 화면이 깜빡거리고 화면이 멈춰요 제발 고쳐주세요 불편해요,1,0,2022-05-02 20:59:35,2022/2Q,2022
14353,14353,정인호,아무노래 이게,5,0,2022-05-02 21:04:31,2022/2Q,2022
7989,7989,B on D,뭉찬 떠서 볼라했드만 실행도 안되고 이젠 아예 내리고 머하고 계심?? 돈만 올리고 일들 안하심???,1,0,2022-05-02 21:19:46,2022/2Q,2022
4694,4694,류단비,갑자기로그인조차안되고 들어가지지가 않네요......,1,0,2022-05-03 09:17:44,2022/2Q,2022
1785,1785,신용상,넷플릭스 해제다 폰으로 영화 보면 눈아프다 Tv로 연결 해서 봤는데 이제 안되네요,1,1,2022-05-03 13:45:59,2022/2Q,2022
813,813,곰돌이범규가 좋은달찌,정말 잘 보고 있고요!재미있습니다!앞으로도 많이 애니메이션 보여주세요~♡,5,0,2022-05-03 15:01:19,2022/2Q,2022
4715,4715,박이올린Bakiolin,디즈니 영화들이 없어져서 너무아쉬어요 ㅠㅠ 그래서 별은 4개욥,4,0,2022-05-03 16:26:18,2022/2Q,2022
16510,16510,이윤석,굿,5,0,2022-05-03 18:47:29,2022/2Q,2022
16489,16489,정희석,감사합니다,5,0,2022-05-03 20:14:32,2022/2Q,2022
16529,16529,조민정,넷플릭스,5,0,2022-05-03 22:52:03,2022/2Q,2022
1958,1958,겜광호,개역겹네 가입도중에 결제부터해야되네 볼만한게있는지는 알아야 결제할거아님 돈무세 개역겹다,1,0,2022-05-03 23:55:58,2022/2Q,2022
6379,6379,백연,재생 안되는 영상 있는데,1,0,2022-05-04 02:12:47,2022/2Q,2022
16525,16525,이종환,볼게없음,2,0,2022-05-04 06:37:29,2022/2Q,2022
604,604,흙흙모래모래자갈자갈,pip화면을 이용하려 할때마다 너무 불편합니다...다른 앱으로 이동할때 아예 뜨지않는 경우도 있구요...pip화면이 겨우 떳다 싶으면 소리만 나오고 화면은 그냥 검정화면이 떠있습니다...혼자 방법을 찾아보려고 검색도 해보았지만 pip설정을 꺼놓은것도 아니고...업데이트를 안한것도 아니고 특별히 렘이나 디바이스 용량에 문제가 있는것도 아니고...2달전부터 잘되던게 어느순간 너무 안됩니다...모바일 업무를 보는편이라 넷플릭스시청의 90퍼센트는 pip화면을 이용하고있었는데 자막이 안뜨는것 어떻게 대충 들리는건 알아들어서 불편해도 그려려니 했습니다... 아예 화면조차 안뜨는건 보지말라는거죠...참고로 기종은 겔럭시노트10+입니다...,1,27,2022-05-04 15:01:33,2022/2Q,2022
16484,16484,조은이,최고!,5,0,2022-05-04 21:05:20,2022/2Q,2022
8244,8244,PaPa youtube,...영화 업데이트좀 부탁드립니다,1,0,2022-05-04 21:51:53,2022/2Q,2022
712,712,Kyungjin Cho,드라마 및 영화 많이 올려주셨으면 합니다. 중드 태드 사극 들어올때마다 같은 거라서 새로운 영상 올려주세요.,5,0,2022-05-04 23:43:48,2022/2Q,2022
729,729,녕켜,업데이트 후 방문기록 볼수있는게 사라졌어요 이상하게 다른지역에서 계속 로그인해서 확인하러하는데 ㅡㅡ,1,0,2022-05-05 06:27:45,2022/2Q,2022
11146,11146,양지선,뉴암스테르담 새 시즌좀 올려주세요..,4,0,2022-05-05 08:17:08,2022/2Q,2022
11439,11439,전혜정,들었가는데 나중에 다시접속하래요 또했더니 안돼요 진짜 망겜,1,0,2022-05-05 09:10:39,2022/2Q,2022
16546,16546,임지수,흥해라~~,5,0,2022-05-05 12:32:16,2022/2Q,2022
16718,16718,어수진,좋아요,5,0,2022-05-05 14:19:31,2022/2Q,2022
11765,11765,은에,제 이메일 주소인데도 안돼고 그냥0점 이네요 씹,1,0,2022-05-05 15:33:13,2022/2Q,2022
7993,7993,주너니,폰으로 안들어가짐,1,0,2022-05-05 16:10:53,2022/2Q,2022
605,605,하루,와이파이와 데이터를 각각 사용해보았는데 넷플릭스에 접속할 수 없다고 뜨는데 제 것만 이러는걸 확인했습니다. 답변해주세요.,1,0,2022-05-05 16:32:14,2022/2Q,2022
4704,4704,박상진,프리파라 시즌 1이 없네요.프리파라 시즌 1 좀 넣어주세요.그거 말고는 다 좋습니다.,5,0,2022-05-05 17:25:14,2022/2Q,2022
16702,16702,김택진,굿,5,0,2022-05-05 18:44:44,2022/2Q,2022
23008,23008,김나은,👰‍♂️👳‍♂️👼👳‍♂️🦹‍♀️👰‍♂️👰‍♂️👼👰‍♂️👼🧛‍♂️🦹👼👼👼👰‍♂️👼👰‍♂️👳‍♂️👰‍♂️👳‍♂️👰‍♂️👳‍♂️👰‍♂️👼👰‍♂️🧛‍♂️👰‍♂️👼👼👰‍♂️👼👰‍♂️👼👼👰‍♂️👼👰‍♂️👼👰‍♂️👼👰‍♂️👼👼🦹‍♀️👼🦹‍♀️👰‍♂️👼👳‍♂️👼👳‍♂️👰‍♂️👳‍♂️👰‍♂️👰‍♂️👼👰‍♂️👰‍♂️👼👰‍♂️👼👰‍♂️👼👰‍♂️👼👰‍♂️👼,3,0,2022-05-05 20:29:34,2022/2Q,2022
5997,5997,iv id,다 좋은데 이 영화가 재밌는지 재미 없는지를 확인할 방법이 없는 이유가 뭘까요?,5,0,2022-05-05 22:06:53,2022/2Q,2022
1778,1778,공백,베놈2 나왔네요! 감사합니다. 와이파이 얼마 없어도 잘나오는게 정말 좋습니다!,5,0,2022-05-05 23:08:00,2022/2Q,2022
16488,16488,김민ᄀᄅ,그냥ㅎㅎ,5,0,2022-05-05 23:50:25,2022/2Q,2022
653,653,르하임,다른 디바이스에서는 다 앱이 잘 켜지는데 태블릿에서만 앱이 안들어가져요 넷플릭스 로고만 뜬 상태로 계속 있는데 그와중에 폰은 또 잘 들어가지고..,3,0,2022-05-06 04:10:02,2022/2Q,2022
16508,16508,김동구,좋아요,5,0,2022-05-06 12:20:03,2022/2Q,2022
711,711,Seok Hyeon Wang,모바일 배속 1.5 제한까지는 다 이해하겠는데 왜 컴퓨터는 배속 업뎃 안 해줌...(이 리뷰 작성시점 1년 지났지만 개선 안 되었죠... 귀찮게 웹로그인 쓰기 싫음 개선해라!,1,0,2022-05-06 18:57:24,2022/2Q,2022
8935,8935,메로나상아리,아니무슨 회원가입이안돼고 로그인만뜨고 그냥 보지말라는 소리아님?,1,0,2022-05-06 19:11:16,2022/2Q,2022
4699,4699,문영애,좋긴한데 버퍼리미 너무 걸려요,1,0,2022-05-06 21:53:13,2022/2Q,2022
14599,14599,로리김,오늘 아침 출근길에 ㅣ,1,0,2022-05-06 22:41:08,2022/2Q,2022
2537,2537,서채원,안들어가져요.... 앱누르면 검정화면뜨고 튕거요,1,1,2022-05-07 00:47:39,2022/2Q,2022
716,716,Omgbt001,다 좋은데 pip 모드에서 다음 영상 자동으로 안 넘어가는거랑 자막이 안 뜨는게 불편하네요 다른 것들에서는 나오거든요 개선해주세요,5,0,2022-05-07 08:41:00,2022/2Q,2022
16474,16474,주효진,일시정지 버튼만 누르면 재생이 다시 안돼서 나갔다 다시 들어와야되네요..업데이트해도 계속 똑같아요,5,6,2022-05-07 13:25:40,2022/2Q,2022
714,714,diane heo,왜 갑자기 pip 보기가 안 되는거죠? 멀티로 넷플 보면서 카톡 등 다른 앱을 써야 하는데 플레이 하면 전체 화면으로만 재생되서 너무 불편합니다,1,0,2022-05-07 14:54:12,2022/2Q,2022
11954,11954,릿챠,왜 안깔리나요?,1,0,2022-05-07 15:38:12,2022/2Q,2022
8,8,사과,"넷플릭스? 아주 좋습니다만 넷플릭스 게임? 그건 별로인것 같습니다 솔직히 게임 퀄리티도 많이 떨어지고 과금이 없다고 하더라도 거의 미니게임이니 대부분이 사용하지 않습니다 그러니 게임을 없애고 멜론,유튜브 뮤직같은 음원 스트리밍 서비스가 더 좋을 것 같습니다 물론 요금이 더 비싸질 수 도 있지만 넷플릭스 하나로 음악,영화,애니,드라마 등등 볼 수 있다면 좋을 것 같네요:>",4,148,2022-05-07 23:37:20,2022/2Q,2022
4713,4713,허기현,애니 보는데 흐름 끊고 진심 뭐같은 컷 자르기 모자이크 범벅에.. 이걸 보라는건가? 진심 너무 심하잖아..,1,2,2022-05-07 23:57:29,2022/2Q,2022
9473,9473,한국타이어,다양한영화 잛보고있어요,5,0,2022-05-08 06:25:49,2022/2Q,2022
16496,16496,김경환,재미있다,5,0,2022-05-08 09:32:26,2022/2Q,2022
4709,4709,SH E,영자막과 한글자막을 동시에 볼 수 있게 해주세요,5,0,2022-05-08 11:57:52,2022/2Q,2022
2865,2865,김환결,아니 꼭 결제 해야되요? 결제 안하게 해주시면 안돼요? 제작자님 대채 왜 결제를 해야되는거죠? 저도 삭제 했습니다 아예 무료로 해주시면 다시와서 수정 하겠습니다,1,0,2022-05-08 14:21:04,2022/2Q,2022
16743,16743,강경인,좋아요,5,0,2022-05-08 15:51:34,2022/2Q,2022
946,946,강동주,핸펀 11만원짜리 넷플릭스 요금제인데 검은화면이 뜨거나 접속이 안된다함.. 돈버리는중..2년약정 어떻하죠ㅜㅜ,1,0,2022-05-08 16:07:41,2022/2Q,2022
603,603,이보현,시청 중인 콘텐츠에서 줄에서 삭제가 안 돼요. 그 외에 다른 기능들은 다 괜찮은데 중간에 한번씩 화질이 많이 낮아질 때가 있는데 그 때마다 영화볼 때 거슬려요,4,0,2022-05-08 17:16:47,2022/2Q,2022
4613,4613,펭쥐,와 정말 재미있어요 사길잘한 것 같아요,5,0,2022-05-08 18:12:59,2022/2Q,2022
7992,7992,박성태,의미없는검열 허접한 자막,1,0,2022-05-08 22:26:04,2022/2Q,2022
11270,11270,박민후,로그인 이 돼 지안아요 ㅠㅠ,1,1,2022-05-08 22:29:27,2022/2Q,2022
16521,16521,김의종,굿굿,5,0,2022-05-08 22:36:19,2022/2Q,2022
16677,16677,ᄋᄉᄒ,분노,1,1,2022-05-09 01:30:51,2022/2Q,2022
14610,14610,양양,보고싶어ㅡㅡㅡ넘비싸ㅡㅡㅡ,4,0,2022-05-09 06:18:55,2022/2Q,2022
16505,16505,윤희람,좋아요,5,0,2022-05-09 10:02:07,2022/2Q,2022
16503,16503,브이로그.,좋아요,5,0,2022-05-09 11:34:57,2022/2Q,2022
1069,1069,비비Queen,안드로이드 최신 업뎃 후 미러링 막혀서 매우 열받음 대체 왜 갑자기?,1,1,2022-05-09 12:59:48,2022/2Q,2022
649,649,sr j,"얼마전부터 내가찜한 목록도 안나오고, 시청중인것도 연결되서 재생이 안되고, 회차 목록도 표시 안되고, 검색하면 다 없다고 나오는데 왜 그런걸까요...",1,1,2022-05-09 14:05:00,2022/2Q,2022
11989,11989,최옥선,영화가많아요,5,0,2022-05-09 16:11:47,2022/2Q,2022
16703,16703,KB Lee,굿,5,0,2022-05-09 17:31:40,2022/2Q,2022
11769,11769,박용우,빨리 포켓몬스터w 나왔으면좋다,5,0,2022-05-09 17:41:52,2022/2Q,2022
16699,16699,원종범,굿굿~~,5,0,2022-05-09 18:38:28,2022/2Q,2022
4326,4326,하하하,아주 좋와여 수퍼소닉2 도올려주세염 재밌게보고있습니다,5,0,2022-05-09 19:15:04,2022/2Q,2022
16494,16494,김희정,넘 좋음,5,0,2022-05-09 21:23:55,2022/2Q,2022
4719,4719,제발쉿,미러링 풀어라 뒤지기 싫으면,1,0,2022-05-09 22:42:28,2022/2Q,2022
1553,1553,K H J 22,영화 좀 작작 없애라 가격도 지금까지 계속 올리고 있던 영화도 죄다 삭제해버리면 앞으로 누가 넷플릭스를 보겠냐,1,1,2022-05-09 22:57:38,2022/2Q,2022
11285,11285,궁예,볼게 없다,1,0,2022-05-10 00:07:26,2022/2Q,2022
665,665,Mikyoung Ko,"갤탭 a7에서 재생이 갑자기 막혔습니다. 어플 삭제하고 재다운 받으라고해서 삭제한뒤 구글플레이에서 다운 받으려고하니 아예 검색자체가 안되네요. 폰에서 다운 링크 보내도 열리지않습니다. 어떻게해야하나요,,",1,0,2022-05-10 00:27:01,2022/2Q,2022
717,717,임선영,결제 이중으로 됩니다. 청구가 LGU+로 되게 해놨는데 제 신용카드로 또 청구가 됐어요. 카드번호 입력한적도 없는데 말이죠.,1,0,2022-05-10 02:32:40,2022/2Q,2022
7990,7990,이이태기,넷플릭스어떻게보나요로그인다했는데어떻게보나요,5,0,2022-05-10 11:06:09,2022/2Q,2022
16524,16524,무적개미,too expensive,1,0,2022-05-10 11:13:31,2022/2Q,2022
4708,4708,김대현,하.... 일을 제데로 하세요. 아니 로그인 했는데 왜 안듣냐? 짜증나게 만들네 짜증나게 만들지말고,1,0,2022-05-10 12:57:48,2022/2Q,2022
730,730,놀고싶다,이게 제 폰만그런지 모르겠는데 맨날 영상 끊기고 화질안좋게나오고 하는데 이런 당연히 고쳐야할것도 안고치면 더이상 넷플을 돈주고 쓸이유도 마음도 없을것같네요,1,2,2022-05-10 18:42:36,2022/2Q,2022
1013,1013,내이름,게임만들시간에 배속 옵션이나 늘려라 어려운것도 아닌데 왜 안함?,3,1,2022-05-10 23:28:51,2022/2Q,2022
16588,16588,오성균,쫗아요,4,0,2022-05-10 23:33:15,2022/2Q,2022
18179,18179,JU WHAN KIM,굿,5,0,2022-05-11 01:06:51,2022/2Q,2022
7908,7908,째째,서버가 약한듯 자주 끊어지는 현상,1,1,2022-05-11 04:13:02,2022/2Q,2022
2274,2274,김기웅,가끔 화질이 십창이날때가 있어요,4,0,2022-05-11 04:54:28,2022/2Q,2022
16512,16512,차상현,굿,5,0,2022-05-11 08:52:39,2022/2Q,2022
5947,5947,정대화,더많은 시리즈가 있었으면 합니다.,2,0,2022-05-11 09:10:14,2022/2Q,2022
16695,16695,인은영,👍,5,0,2022-05-11 15:22:17,2022/2Q,2022
16528,16528,sky lee,Good,5,0,2022-05-11 19:24:42,2022/2Q,2022
11284,11284,빵꾸똥꾸,"너무좋네요.................,,,.,,,,,,..,,,,,,................,,,,,,,,,,.......,......?,??,?;.................,,...................................................................,..,....,.....,,,,......,,,,,,......,.,.,...................(사실은좀엄청엄청엄청그럼..........................................,.,.,..,.............,,..............",3,0,2022-05-11 20:21:34,2022/2Q,2022
9124,9124,이재숙,미러링 안됨.,1,0,2022-05-11 21:34:56,2022/2Q,2022
16688,16688,쏭쏭부부포인트조사단,좋아요,5,0,2022-05-11 21:51:14,2022/2Q,2022
6464,6464,조남석,퀄리티가 점점 떨어지는것 갔네요 어플 관리도 잘못하는것같고 라이벌들이 드글대는 이시점에 정신좀 차려야 힐듯,2,2,2022-05-12 07:02:40,2022/2Q,2022
16587,16587,김묘정,예빈이,2,0,2022-05-12 08:27:30,2022/2Q,2022
11387,11387,김종석,여가생활에도움,5,0,2022-05-12 08:34:01,2022/2Q,2022
14345,14345,김럭키,해피해피,5,0,2022-05-12 10:57:11,2022/2Q,2022
4875,4875,ᄋᄋ,결제하기 이전에 어떤 컨텐츠를 보고 즐길수 있는지를 먼저 보여줘야 결제할 생각이 들지 아무런 홍보없이 결제하라는식의 통보로는 소비자의 마음을 살수없습니다 ott는 더이상 넷플릭스 독점이 아닙니다 겸손해지세요,3,1,2022-05-12 13:32:26,2022/2Q,2022
1031,1031,yj c,PIP으로전환할때 화면은 안나오고 소리만 나오는데 이거왜이러는거죠?,1,0,2022-05-12 20:08:44,2022/2Q,2022
4707,4707,김상희,정말 재밌는 것도 많고 정말 좋아요!,5,0,2022-05-12 22:28:14,2022/2Q,2022
11277,11277,로블록스 pig,너무좋아요!!,5,0,2022-05-13 02:27:44,2022/2Q,2022
891,891,왕짱,어플 실행이 안됩니다. 계속 검은화면에서 안넘어가요.,1,0,2022-05-13 09:15:34,2022/2Q,2022
16502,16502,김태우,좋아요,5,0,2022-05-13 12:01:35,2022/2Q,2022
6220,6220,Goat,결제하지 않으면 무슨 드라마가 있는지조차 확인할수 없음 최소한 원하는게 있는지는 확인 한 후에 결제할수 없나? 생각이 없는 결제방식,1,1,2022-05-13 15:40:06,2022/2Q,2022
723,723,김서윤,동시접속이 많다고 시청제한 시켜버리네요.그러면서 멤버쉽 업그레이드 하라고 은근슬쩍.....,2,1,2022-05-13 18:40:16,2022/2Q,2022
16532,16532,가자,꿀잼,4,0,2022-05-13 18:58:40,2022/2Q,2022
8051,8051,김영삼,어떻게 봐야하는지 어렵네요,5,0,2022-05-13 19:34:40,2022/2Q,2022
16989,16989,문길보,조아요,5,0,2022-05-13 23:13:13,2022/2Q,2022
11767,11767,한,지금 무슨 소리 하고 있는 거네? 지금 무슨 소리 하는 기야?,5,0,2022-05-13 23:40:21,2022/2Q,2022
16465,16465,최영진,굿,5,0,2022-05-14 05:35:56,2022/2Q,2022
6460,6460,씨위날경,미디어 중 최고.,5,0,2022-05-14 10:12:10,2022/2Q,2022
4716,4716,권영국,방송한프로그램 업데이트좀 빨리해라 다른 앱은 벌써올라왔는데 하루가지나도안올라오는 이유가 일안하고노냐? 짜증나서 이번달을끝으로 탈퇴한다 요금은 더럽게비싸게받아쳐묵고 퉷 나도 디즈니로갈란다,1,0,2022-05-14 12:36:56,2022/2Q,2022
23009,23009,존버,굿,5,0,2022-05-14 13:44:21,2022/2Q,2022
715,715,서지훈,제가 하이큐를 다 봤는데요 하이큐 4기인 TO THE TOP을 보고 싶어서 찾는데 TO THE TOP도 없고 주술회전도 없고 귀멸의칼날2기도 없습니다ㅠㅜ 제발 추가 해주세요..ㅠ,4,0,2022-05-14 14:08:57,2022/2Q,2022
11283,11283,lee大洋,프로그의 다양화,3,0,2022-05-14 14:47:28,2022/2Q,2022
2751,2751,김정우마누라,별 한개도 아깝네요 우리나라만 비싸게 받고 10월부터는 계정 공유도 못한다니ㅋㅋㅋㅋ 이제부터 왓챠봄 망하세요^^,1,0,2022-05-14 19:05:45,2022/2Q,2022
8001,8001,김보배,항상사용^-^,5,0,2022-05-14 20:37:55,2022/2Q,2022
12014,12014,고영희,해리포터 주세요...,3,0,2022-05-14 23:05:57,2022/2Q,2022
4711,4711,상큼발랑,해킹 당했어요 도와주세요 메일로 방금 이메일이랑 전화번호가 변경됐다는데요,1,0,2022-05-14 23:24:43,2022/2Q,2022
14341,14341,이대희,좋아요^^,5,0,2022-05-14 23:24:54,2022/2Q,2022
8005,8005,정미경,콘텐츠 가 다양,5,0,2022-05-14 23:51:49,2022/2Q,2022
9111,9111,조경호,좋아요~~~~♡♡♡♡♡♡,5,0,2022-05-15 06:35:28,2022/2Q,2022
4706,4706,이광훈,갤럭시s탭10.5 (1세대)에서 사용했었는데 초기화 하고 나니 접혹이 안됩니다 어떻게 해야하나요?,4,0,2022-05-15 10:58:59,2022/2Q,2022
7988,7988,시안,좋습니다 화질이,5,0,2022-05-15 13:35:34,2022/2Q,2022
1779,1779,조지훈,너무나재미있는것들이있고 친구가조기리보기편하고 좋아요,5,0,2022-05-15 16:48:37,2022/2Q,2022
4718,4718,황민호,심심할때 영화를 보면 재미네요.,5,0,2022-05-15 18:31:45,2022/2Q,2022
5706,5706,이소용,요몇일째 접속이 안되는데 왜이러나요?? 이러면 월정액권을 결재할이유가 없는데..,1,0,2022-05-15 19:17:35,2022/2Q,2022
658,658,김사랑,저 다 좋은데 귀멸의 칼날 시리즈좀 넣어주시면 안돼요? 귀멸의칼날 1기랑 무한열차 극장판은 있는데 그 뒤에 2기 환각의 거리편(윤곽편)이 없어서요 그것만 넣어주시면 별점5점 드리겠습니다 정말 보고싶어서 말씀드리는겁니다 왓챠에는 있다고 해서 넷플에서 있는줄 알았는데 없더라구요 진짜 다 필요없으니까 귀멸의 칼날 시리즈만 꼭 넣어주세요 이거 귀칼 2기때문에 결제해서 보려는거면 넷플릭스는 아닙니다....ㅎ,3,0,2022-05-15 19:38:32,2022/2Q,2022
5635,5635,임이순,유익하게 즐겨 봉니다.,5,0,2022-05-15 20:54:38,2022/2Q,2022
16478,16478,Yunsoo Kim,"Please enable PiP subtitles. It sometimes shows subs in PiP mode, but that's like once in a hundred.",4,0,2022-05-15 21:22:55,2022/2Q,2022
2673,2673,파란로즈,왜 영어로 나오죠? 앱홈에 들어가니 한글로안나오네요 설정 한글로 못바꾸나요?,1,0,2022-05-15 21:30:26,2022/2Q,2022
16707,16707,박준규,조아요,4,0,2022-05-15 21:43:31,2022/2Q,2022
8002,8002,례정카레,드라마가 많은거 같음.,4,0,2022-05-15 21:49:04,2022/2Q,2022
1788,1788,공혜진,영상 재생이 잘되고 좋으네요~ 감사합니다 :),5,0,2022-05-15 22:22:13,2022/2Q,2022
5349,5349,문 너만은 꼭 탄핵되야 돼,참좋은 영화가 너무 많아요 ㅎㅎ,5,0,2022-05-16 05:19:56,2022/2Q,2022
4695,4695,Eno ch,이용하지도 설치하지도 않았는데 자동결제나가요 왜!!!!환불해주세요,1,0,2022-05-16 07:48:34,2022/2Q,2022
725,725,김준식,회원님의 전화번호(끝자리02)를 변경했다는 메세지가 왔는데 왜 이런메세지가 동의없이 이뤄지는지요? 불쾌하네요,1,0,2022-05-16 08:09:53,2022/2Q,2022
5404,5404,벚꽃,몇달 전부터 아예 넷플릭스가 실행되지 않아요 이거 왜이런건가요..,1,0,2022-05-16 10:30:26,2022/2Q,2022
8200,8200,Joonoo Yoon,실행이 안돼,1,0,2022-05-16 20:35:20,2022/2Q,2022
713,713,어린올챙이,다 좋습니다. 하지만 애니메이션 같은 경우에는 몇화 전도만 있고 나머지 화는 없어서 다른 화들도 빨리 나왔으면 좋겠습니다,4,1,2022-05-16 20:59:18,2022/2Q,2022
16486,16486,서명성,좋와요,4,0,2022-05-16 21:33:06,2022/2Q,2022
1983,1983,Erase You,최근 들어 모바일에 버퍼링 심하다,2,0,2022-05-17 03:38:49,2022/2Q,2022
16462,16462,현상윤,굿,5,0,2022-05-17 09:47:20,2022/2Q,2022
2044,2044,유진풋,가격도 비싸고 보고싶은영화없음,1,0,2022-05-17 11:13:58,2022/2Q,2022
79,79,장동명,"갤탭a 영상재생시 화면이 어두워집니다 밝기 바꿔도, 홈으로 나가면 밝아졌다 다시 들어오면 어두워집니다. 폰으로 하면 같은화면도 잘보이는데 탭으로 하면 어두워서 보기 힘듭니다 어떻게 해야하나요 지웠다 새로 깔아도 그대롭니다.",2,1,2022-05-17 13:21:31,2022/2Q,2022
8133,8133,에이치즈,m20 검은화면만 나옴,1,0,2022-05-17 14:28:23,2022/2Q,2022
727,727,뽈락,OTT 중에서 선구자답게 TV에서 작동도 부드럽고 검색도 쉽고 최고에요,5,0,2022-05-17 15:58:42,2022/2Q,2022
8297,8297,이현욱,몇개가 없어졌어요,1,0,2022-05-17 19:44:07,2022/2Q,2022
4712,4712,타조,진격의 거인 다시 들여와주셔서 감사합니다,5,0,2022-05-17 20:21:38,2022/2Q,2022
842,842,happylili li,어플이 열리지않아 수차례 지우고 설치하는데..계속 안열려요,1,0,2022-05-17 20:24:58,2022/2Q,2022
16563,16563,김동현,최고ㅋㅋ,5,0,2022-05-17 21:51:28,2022/2Q,2022
11191,11191,ᄋᄋ,볼거 조오오온나 없고 애니는 볼라치면 뜨문뜨문 있어서 개 별로 다시는 결제 안함,1,0,2022-05-17 22:02:25,2022/2Q,2022
875,875,삶의무게,소리만나고 화면이 안떠요..,1,0,2022-05-17 22:37:56,2022/2Q,2022
2835,2835,이희철,5월17일 강철부대13화 지금밤11시인데 아직도 업뎃않해주시나요?5월17일공개로 대어잇는데요!!!,2,0,2022-05-17 23:03:53,2022/2Q,2022
567,567,Goomy LEE,HDR영상시청중 어두운 화면은 식별이 불가할정도로 눈에 보이지가 않고 겨우 형태만 짐작되는 수준이며 그 와중에 자막은 엄청 밝아서 눈이 아플정도임. 이런식으로 컨트롤 할꺼면 HDR 끄는 옵션을 만들어주던지.. 이것때문에 불편해서 요금제를 내려서 일부러HD로만 보는사람도 있다고합니다. 그럴바에 탈퇴하고말지 ㅋ,1,9,2022-05-18 15:24:35,2022/2Q,2022
5083,5083,요나,애니들 대부분 4기밖에 안남아있음,3,7,2022-05-18 18:47:06,2022/2Q,2022
7999,7999,식빵,넷플릭스 손절까지 4달 남았나? ㅋ,1,2,2022-05-18 19:39:05,2022/2Q,2022
626,626,정윤,제가 보고싶었던게있어서 좋은데 시즌 3~4기까지 있는데 2기까지밖에 없는것들이 많아서 아쉬워요(이건 부탁입니다 블랙클로버 3기도 넣어주세요),4,0,2022-05-18 21:14:37,2022/2Q,2022
16754,16754,최경진,ㅇㅋ요,5,0,2022-05-18 21:39:37,2022/2Q,2022
6362,6362,안응수,유용하게 보고있습니다,5,0,2022-05-18 23:47:26,2022/2Q,2022
5300,5300,아방,아니 성인 인증을 대체 왜 만든 거임? 말하기에는 500글을 넘을 것 같으니 말하지 않겠음.,2,0,2022-05-18 23:56:18,2022/2Q,2022
5087,5087,정우주,아주 재미있어요,5,0,2022-05-19 05:21:15,2022/2Q,2022
827,827,물개물개,갤럭시탭 s7 fe는 아무리해도 어플이 안켜지네요. 지웠다가 다시 깔아도 업데이트를 해도 검은화면에서 넘어가지를 않음,1,1,2022-05-19 10:37:03,2022/2Q,2022
16574,16574,길봉선,👍,5,0,2022-05-19 14:36:22,2022/2Q,2022
2053,2053,Soohwan Kim,가격도 계속 올리고 정신 못차렸네 애기 좀만 크면 디즈니로 바로 갈아탄다,1,0,2022-05-19 17:36:17,2022/2Q,2022
16696,16696,엔돌핀,☆☆☆☆☆,5,0,2022-05-19 21:32:30,2022/2Q,2022
662,662,Com Dal,영상 로드만 무한반복...ㅡㅡ 돈내고 쓰는건데 짜증납니다.,1,0,2022-05-20 00:06:33,2022/2Q,2022
2440,2440,정현국,항상 재미있게 즐기고 있어요^♡^,5,0,2022-05-20 01:38:28,2022/2Q,2022
984,984,묘묘,오늘 디즈니플러스 가입했는데 넷플릭스와 다르게 끈어지는 일이 없네,1,0,2022-05-20 06:03:49,2022/2Q,2022
11525,11525,아아,어린이들이 좋아하는 것 같아요,5,0,2022-05-20 20:45:26,2022/2Q,2022
741,741,정가람,미러링 잘되다가 왜 검은 화면만 나오는지좀....,1,0,2022-05-20 21:33:23,2022/2Q,2022
581,581,vionnet,"다 좋은데, tv로 연결해서 볼때도 1.25~2배속까지 선택해서 볼 수 있으면 좋겠습니다. tv로도 빠르게 볼 수 있게 해주세요.",3,0,2022-05-20 23:12:55,2022/2Q,2022
8016,8016,최익준,해킹당해서 재가입합니다 보안 신경써주세요,1,0,2022-05-21 00:00:55,2022/2Q,2022
577,577,YunMinJu.Beauty Park,"SD 카드 인식을 못해서 SD카드에 오프라인 저장이 안 됨.. 내 SD카드가 문제인 줄 알았는데, Disney+에서는 잘 저장되는 걸 보니 넷플릭스 앱의 문제가 맞음",1,0,2022-05-21 00:30:04,2022/2Q,2022
5081,5081,김민성,업데이트후 메인화면에서 멈춰있어요,1,0,2022-05-21 09:01:40,2022/2Q,2022
578,578,박세호,이제 LG 폰들은 버려졌군요. V50S는 앱 재설치해도 SD 화질입니다. 왜 HD 화질에서 제조사 없어졌다고 넷플릭스가 임의로 화질을 내리는건지 어이가 없네요.,1,0,2022-05-21 09:53:24,2022/2Q,2022
1708,1708,Starlight Glimmer Video,스트레스 받기위해서 만든건가요 로그인을 할수 없습니다 다음부터 구글로 로그인 해주세요 넷플릭스 스트레스 받기위한 앱 입니다 여러분 넷플릭스 깔지마세요,2,0,2022-05-21 10:41:27,2022/2Q,2022
5353,5353,김승국,일상 생활에서 필요,4,0,2022-05-21 11:06:31,2022/2Q,2022
16500,16500,김상혁,굳,5,0,2022-05-21 13:54:36,2022/2Q,2022
5184,5184,물고기사용법,바보들아 결제했는데 왜자꾸 튕겨 나빳어 고쳐내. 수정(잘됨),4,1,2022-05-21 17:53:11,2022/2Q,2022
2055,2055,OZ오지,겔노트20 며칠째 들어가지도 못하고 계속 튕깁니다..;; 제발 고쳐주세요~^^,1,1,2022-05-21 20:42:05,2022/2Q,2022
748,748,임서리,짱구는 못말려 시즌별로 넣어주세요 악마학교에 입문했습니다 이루마군 시즌별로 넣어주세요 프린세스 스타의 비밀일기도 꼭! 꼭! 넣어주세요!!,4,0,2022-05-22 01:30:51,2022/2Q,2022
2645,2645,정선하,훌륭한 영화공삽게 시청하고있음,5,0,2022-05-22 09:24:50,2022/2Q,2022
709,709,윤현석,"데이터 없이 애니,영화 등등 볼 수 있는게 좋아요!^^ 근데 제가 좋아하는 애니 ""하이큐! 시즌4"", 주술회전"" 도 올려줬으면 좋겠어요^^",5,3,2022-05-22 13:37:52,2022/2Q,2022
9136,9136,이다은,마법사의 신부 재미있게 보고있었는데 사라졌어요 어디갔죠?,2,0,2022-05-22 13:58:32,2022/2Q,2022
4792,4792,박하늬티비,완전 최고! 스펀지 밥도 보고^-^ 세일러문 도 보고 만화만이 재밌는데^-^☆☆☆★★★,5,0,2022-05-22 14:57:40,2022/2Q,2022
5172,5172,최명환,그동안 잘 시청하였습니다 TV 검은화면은 Tv 전원 뺏다 다시 꼽으니 해결 되였습니다,5,0,2022-05-22 16:43:58,2022/2Q,2022
23249,23249,Tigers KIA,너무좋아여,5,0,2022-05-22 16:58:06,2022/2Q,2022
696,696,안녕,좋아요!근데 팬트하우스나 여신강림 같은 드라마나 애니매이션 등이 없는경우가 있어서 아쉽네요ㅠ 컨탠츠 추가 부탁드립니다,4,0,2022-05-22 17:40:02,2022/2Q,2022
699,699,치맥조아,픈으로 보면 어떤 프로는 화질이 너무 안 좋아요 볼수없을 정도로 돈은 비싸게 받으면서,1,0,2022-05-22 21:48:23,2022/2Q,2022
623,623,안녕,"에반게리온 구작품 진짜 보고싶었는데.. 있어서 너무 좋네요! 오레됀 영화도 많고 애니, 드라마, 영화 다 있어서 좋았어요",5,0,2022-05-22 23:54:25,2022/2Q,2022
16468,16468,Sunmi Park,안열림,1,0,2022-05-23 00:18:36,2022/2Q,2022
701,701,도비,Pc랑 연동도 안되고 pc에서 엄연히 봤고 자려고 앱으로 볼려하는데 검색도 안됨....그지같음,1,0,2022-05-23 00:57:32,2022/2Q,2022
1608,1608,여왕개미,팝업 화면시 자막 좀 제발 보이게 해주세요 이것만 개선되면 좋겠습니다,4,0,2022-05-23 04:33:54,2022/2Q,2022
16674,16674,김기상,좋아요,5,0,2022-05-23 09:09:20,2022/2Q,2022
16471,16471,김서연,아저씨,5,0,2022-05-23 09:49:24,2022/2Q,2022
565,565,J Lee,다 좋은데 모바일로 시청할때 밝기 제어 풀어줬으면 좋겠습니다 밝기 최대한올려도 어두운부분에서는 너무어두워서 잘 보이지도 않네요 핸드폰밝기를 올리려고하면 넷플에서 밝기제어하고있다고 올리지도못하네요,2,0,2022-05-23 14:39:54,2022/2Q,2022
746,746,오구잘했엉,삭제 후 다시 다운받아서 로그인 할려는데 로그인이 안되요,1,1,2022-05-23 17:37:46,2022/2Q,2022
1072,1072,이혜준,오늘 너무..버퍼가 심하네요 생방도 아니고 와파도 잘 터지는데 돈 내고 보는데 스트레스가 하..,3,0,2022-05-24 00:26:08,2022/2Q,2022
11061,11061,주사모술사모,보고싶지않음,2,0,2022-05-24 08:41:20,2022/2Q,2022
718,718,검은별곰,딱 한가지 아쉬운게 애니메이션은 괜찮은데 드라마나 영화볼 때 배속 올리면 소리가 깨지는 현상이 가끔 있네요,5,0,2022-05-24 11:48:51,2022/2Q,2022
9319,9319,이은우,멀티자막 모바일이서 될수있게해주세요,1,0,2022-05-25 07:42:01,2022/2Q,2022
16458,16458,날으는 자동차,좋아요,5,0,2022-05-25 15:26:02,2022/2Q,2022
569,569,공도윤,아니 이거 문제가 너무 많은데 1. 자막도 외국영화면 다 틀리게 썼고 맞지도 않음. 2.넷플에서 영화나 드라마들이 하나씩 사라지고있음. 3.화질설정이 불안정함. 4.제목이 틀린개 다수있음. 이런것좀 고쳐줬음 함.,1,0,2022-05-25 19:23:34,2022/2Q,2022
23217,23217,minyoung Koo,오징어게임👍👍,5,0,2022-05-25 20:34:29,2022/2Q,2022
2284,2284,shrimp_ob,아이패드랑 폰에서 앱으로 넷플릭스가 안됩니다. 그런데 컴퓨터로 크롬에서 하니까 되네요 앱 문제인거 같은데 왜이러죠,2,0,2022-05-25 20:39:18,2022/2Q,2022
16636,16636,Phương Anh,너무 좋아,5,0,2022-05-26 11:51:13,2022/2Q,2022
4,4,샤인시티,넷플릭스 1년 가까이 이용중인데 타사 플랫폼보다 컨텐츠도 많고 여러기능들이 있어 저는 만족합니다. 상담원 분들도 친절하시고 차분히 문제 해결해주시고 감사드립니다. 다만 아쉬운점이 있다면 시리즈편은 전부 올라와 있지 않아서 아쉽습니다.완결된 시르즈물은 빨리 업데이트 해주시면 합니다.,5,187,2022-05-26 13:34:19,2022/2Q,2022
5084,5084,박영희,임창정 별거없던그하루로,4,0,2022-05-26 13:42:06,2022/2Q,2022
16639,16639,김현수,굿,5,0,2022-05-26 15:44:22,2022/2Q,2022
745,745,김태준,버그인진 모르겠지만 폰을 껐다 키니까 시청중인 컨텐츠가 싹다 사라지네요 고쳐주세요,1,0,2022-05-26 21:05:22,2022/2Q,2022
16679,16679,하동현,좋아요,5,0,2022-05-26 21:09:04,2022/2Q,2022
2730,2730,옹골찬,새로운 영화등. 업데이트 무지 안되는게 무지. 좋아요,5,0,2022-05-26 23:47:13,2022/2Q,2022
16461,16461,물반고기반,최고,5,0,2022-05-27 01:25:17,2022/2Q,2022
16635,16635,김기정,좋와요,5,0,2022-05-27 11:57:17,2022/2Q,2022
568,568,박세홍,아~~볼게읍다...인기있는거 몇개집어 넣어놓고...간혹가다가 하나씩 넣고.. 시리즈별로도 안넣고 중간 시리즈잘라서 넣고... 가격은가격대로 올리고... 10월엔 단독시청만 가능하게 변경한다하고...넷플이길자 없는가..,1,0,2022-05-27 12:00:09,2022/2Q,2022
620,620,김유일,프로필 변경 오류가 자주 발생합니다 안 그래도 가격도 오르고 제약도 늘어나는데 이런 자잘한 것도 안 고치니 정이 떨어지네요,3,0,2022-05-27 12:58:50,2022/2Q,2022
563,563,Seiru KIM,"갑자기 어제부터 터치불량. . 간헐적인 발생이긴한데 시청 중 스톱하고 화면이 시간되서 꺼지면 화면 다시 켯을때 터치 안먹힘. . 화면 껏다 다시키면 되고. . 탭s8+, S21울트라 같은증상임 업데이트 이후 문제인듯 한데 어서 개선해주세요",1,7,2022-05-27 14:58:35,2022/2Q,2022
743,743,풍선알통,돈받아쳐먹었으면 제대로좀합시다. 이거뭐 한달에한번꼴로 오류되는건지 볼수가없네.,1,0,2022-05-27 16:46:34,2022/2Q,2022
14601,14601,고도연,수퍼소닉2 언제 나오죠?,2,0,2022-05-27 18:34:10,2022/2Q,2022
5073,5073,담이,짱구 30기 극장판 언제 나오나요,5,0,2022-05-27 19:47:41,2022/2Q,2022
9191,9191,허선호,너무 좋아요,5,0,2022-05-27 20:39:41,2022/2Q,2022
11281,11281,이경훈,신작좀 빨리올려주삼요,3,0,2022-05-27 20:54:31,2022/2Q,2022
22893,22893,정세기,Good luck nice,5,0,2022-05-27 21:29:30,2022/2Q,2022
16648,16648,손성호,👍,5,0,2022-05-27 21:31:29,2022/2Q,2022
5085,5085,내가태어난날,오징어 말린 게임은 언제 나오나요?,5,0,2022-05-27 21:48:59,2022/2Q,2022
6251,6251,최재성,티비는 나오는데 스마트폰에서는 실행이 안됨,1,0,2022-05-27 22:00:47,2022/2Q,2022
5075,5075,신승욱,유익하고 재미있어요!,5,0,2022-05-27 22:28:54,2022/2Q,2022
16981,16981,어몽어스,굿,5,0,2022-05-27 23:59:15,2022/2Q,2022
736,736,김도연,"보고 싶은 영화, 드라마를 계속 계속 볼 수 있고 일시 정지도 가능. 좋다~",5,1,2022-05-28 07:36:22,2022/2Q,2022
16460,16460,이재효,좋습니다,5,0,2022-05-28 09:38:48,2022/2Q,2022
11766,11766,jeungmin kim,좋은작품이 많아요,5,0,2022-05-28 13:20:51,2022/2Q,2022
2047,2047,박효성,다양한 영화를 볼 수 있어 좋네요,5,0,2022-05-28 15:29:47,2022/2Q,2022
16463,16463,오이family,굿,5,0,2022-05-28 17:07:18,2022/2Q,2022
16673,16673,박제우,좋아요,5,0,2022-05-28 17:38:53,2022/2Q,2022
16640,16640,서태욱,굿,5,0,2022-05-28 20:36:30,2022/2Q,2022
14603,14603,김다빈,넷플릭스가 앱이 안열려요 ㅠㅠ,5,0,2022-05-28 20:54:50,2022/2Q,2022
907,907,조문래,그대가 조국 영화 올려주면 최고가 될꺼에요,5,0,2022-05-28 22:17:55,2022/2Q,2022
5086,5086,임소희,짱구는 못말려 미래 결혼? 이런게 있음 좋겠어요 그리고 쿵후 라는것도요,5,0,2022-05-29 00:15:26,2022/2Q,2022
16455,16455,임인호,흠...........,1,0,2022-05-29 00:22:38,2022/2Q,2022
1900,1900,미랭이,배꼽 빠지도록 재밌어요^^,5,0,2022-05-29 00:25:38,2022/2Q,2022
16470,16470,남자심재영,사용,5,0,2022-05-29 06:16:46,2022/2Q,2022
4739,4739,정하호히,저번에 지웠는데 이번에 잘안됬지만 돼서 좋았어요,5,0,2022-05-29 07:26:08,2022/2Q,2022
6446,6446,민트민,페어리테일 재밌는데 새로 나오는게 없어서 좀 아쉽네요...,4,2,2022-05-29 12:59:59,2022/2Q,2022
16454,16454,박상혁,추천합니다~,5,0,2022-05-29 21:33:03,2022/2Q,2022
858,858,와일드판다,일본어 번역이 이상함,3,0,2022-05-30 00:00:23,2022/2Q,2022
10918,10918,정찬진,안녕하세요 ㅎㅎ 역시 넷플릭스 짱짱이네요,5,0,2022-05-30 06:14:34,2022/2Q,2022
11542,11542,권정현,ㅡㅡㅡ투ㅜ ㅜㅜ ㅜ ㅓ ㅓ ㅓ ㅜ ㅜ ㅜ ㅓ ㅓ ㅓ ㅓ ㅓ터처,5,0,2022-05-30 10:32:38,2022/2Q,2022
16469,16469,김혜경,놀라워요~,1,0,2022-05-30 13:07:53,2022/2Q,2022
16668,16668,선플관리위원장,좋아요.,5,0,2022-05-30 17:48:42,2022/2Q,2022
4927,4927,안드로메다로,몇달 사용하다 말았는데 다시 돌아옴ㅎㅎ,5,0,2022-05-30 19:06:25,2022/2Q,2022
14917,14917,경범이클라띄,포켓몬W 추가 해주세요ㅜㅜ,5,0,2022-05-30 19:16:34,2022/2Q,2022
23199,23199,미니준,재밌다,5,0,2022-05-30 21:51:46,2022/2Q,2022
16914,16914,임범석,조아여,5,0,2022-05-31 11:50:27,2022/2Q,2022
820,820,조소영,여러 영화들을 볼수있는데 들어가기 힘들어요,4,0,2022-05-31 21:06:25,2022/2Q,2022
16459,16459,염희정,좋아요,5,0,2022-05-31 23:22:51,2022/2Q,2022
7663,7663,인일,아이언맨이나 노웨이홈 코렐라인등 걸작들을 수입안해옴,5,1,2022-06-01 10:05:32,2022/2Q,2022
869,869,ᆞᆞ,다시보기 베스트 콘텐츠좀 지워주세요,3,0,2022-06-01 11:00:39,2022/2Q,2022
8299,8299,이정일,인내샘의 한계를 보게 된다.,1,0,2022-06-01 12:14:19,2022/2Q,2022
16686,16686,불타는마음,재밌어,5,0,2022-06-01 14:39:22,2022/2Q,2022
810,810,송땡애애애애애애애애앵,정말 잘 쓰고 있어요 이제는 넷플릭스가 없는 생활을 할 수 없을 것 같아요....ㅎㅎ,5,0,2022-06-01 19:43:02,2022/2Q,2022
2048,2048,즐거운써니워니,노브랜드 뿌시러가자 아 너무 🤦 😂 🙈 😭 💦 😍 🤦 아 그래도 안먹는 깻잎김치 냉장고 세탁기 건조기 아 그래도 안먹는 깻잎김치 냉장고 세탁기 건조기 아 그래도 안먹는 깻잎김치 냉장고 세탁기 건조기 아 그래도 모르니 직접 샷을 내리기 보다는 어느정도 미온으로 식은정도에서 가장 안좋아하고 있다 오후 있다 캐릭터 일러스트가 귀여워서 같이 밥 먹으러 가자 아 오늘 예약 될까요,5,0,2022-06-01 20:43:46,2022/2Q,2022
16457,16457,조옥탑방,좋아요,5,0,2022-06-02 00:03:04,2022/2Q,2022
2361,2361,Last Reaper128,너무 재미있게 잘보고 있습니다. 전생했더니 슬라임이었던거에 대해서2기 부탁드릴려고 적습니다.,5,0,2022-06-02 00:22:02,2022/2Q,2022
625,625,Day Day,짜증나게 로그인 계속하라고하네요 어차피망해가는 플랫폼이지만..하따야지..ㅋㅋ 암튼 재밌게보고있었건맛 개나소나 앉혀놓지마시길..,5,0,2022-06-02 01:03:22,2022/2Q,2022
16495,16495,정해남,굿입니다,4,0,2022-06-02 08:53:48,2022/2Q,2022
16617,16617,양희태,좋아요,5,0,2022-06-02 11:51:54,2022/2Q,2022
16612,16612,백대현,좋아요~~,5,0,2022-06-02 14:47:57,2022/2Q,2022
16424,16424,콩지까꿍!!,좋아요,4,0,2022-06-02 14:49:16,2022/2Q,2022
16456,16456,이현수,좋아요,5,0,2022-06-02 19:29:45,2022/2Q,2022
16719,16719,날새,굿,5,0,2022-06-02 20:35:38,2022/2Q,2022
2899,2899,다렘식품배동규,좋아요 카테고리별로ㅈ더많이 보였으면졸겠습니다,5,0,2022-06-02 21:49:48,2022/2Q,2022
1932,1932,인간,아 진짜. 몇일째 접속이 안됨. 왜이럼? 좀 되다가 다시 3일째 안된다.--^,5,1,2022-06-02 21:50:12,2022/2Q,2022
2610,2610,최유환,더 다양한 영화 더 재밌는 드라마 부탁드립니다,5,0,2022-06-02 23:36:47,2022/2Q,2022
1058,1058,잡닉,화면 어두워지는거좀 끌수있게 만들어주세요;; 배려한다고 만든것같은데 쓸모없어요;;;,1,0,2022-06-02 23:54:26,2022/2Q,2022
11614,11614,강성진,잼나게 보고 있네요,5,0,2022-06-03 06:34:47,2022/2Q,2022
2050,2050,초키초코,화징 4k로 샀는데 화질이 4k가 아닌듯합니다,3,0,2022-06-03 07:58:53,2022/2Q,2022
16483,16483,kds-경맥,굿!,5,0,2022-06-03 10:00:46,2022/2Q,2022
5078,5078,정찬희,좋아요^^정말 괜찮은거 같아요,5,0,2022-06-03 12:47:10,2022/2Q,2022
822,822,초아,넥플릭스 자막 예전보다 나아지긴했어요! 근데..재미있는게 자꾸 없어지네요ㅜㅠ 인기있는만큼 유지하기가 어려운건가요? 하이큐도 시즌4까지있는데 왜 넷플릭스에선 시즌3까지만 볼수있는건가요?,1,0,2022-06-03 14:40:17,2022/2Q,2022
16624,16624,김준서,좋네요,5,0,2022-06-03 19:21:11,2022/2Q,2022
11280,11280,박민주,최신영화좀 올려주세요,5,0,2022-06-03 19:37:47,2022/2Q,2022
16611,16611,김의래,좋아요!,5,0,2022-06-04 00:04:53,2022/2Q,2022
16416,16416,아래아,I want The Roundup2,5,0,2022-06-04 01:13:24,2022/2Q,2022
624,624,홍지연,재미있는데 런닝맨 (예능으로)랑 금쪽같은내새끼랑 슈퍼맨이돌아왔다를추가해줬으면좋겠어요,5,0,2022-06-04 09:01:01,2022/2Q,2022
16742,16742,지을게없썽,좋아요,4,0,2022-06-04 11:00:19,2022/2Q,2022
2052,2052,김JB,디즈니시청하다가 볼거리도많고다양할거같아서 넷플릭스시청하고싶어서 가입하게되었습니다 ㅎ,5,0,2022-06-04 11:36:01,2022/2Q,2022
5405,5405,박샛별,삼성 s22울트라 쓰는 멀티윈도위 하면 자막이 안보여요,1,0,2022-06-04 15:15:20,2022/2Q,2022
573,573,Sookeun Park,넷플릭스를 잘 이용하고 있는데요. 갑자기 화면이 검은색으로 변해서 나갔다 들어와봐도 그대로입니다. 원래 그런 장면이 아닌데도 돌아오지가 않네요.,4,0,2022-06-04 16:33:54,2022/2Q,2022
3,3,가뷰,"불편한 점이 소비자 입장에서는 눈에 띄일 수 밖에 없죠. 첫번째, 번역이 정확하지 않아서 약간 신경쓰일 때가 있습니다. 두번째, 이미 계약을 하고 많은 애니들을 방영중인 타 앱이 있는 반면 유명하고 사람들이 많이 즐겨보는 애니매이션이여도 넷플릭스는 방영이 늦습니다. 장점은 기본적인 터치,시간 등 시스템은 거의 완벽해서 좋습니다. 첫번째 문제점의 해결 방법은 구체적으로 번역을 하는 것이고 두번째 문제점의 해결 방법은 시즌계약을 빨리빨리 하는게 해결책인 것 같습니다. 넷플릭스가 더 잘되길 바라는 마음으로써 이 리뷰를 남깁니다",3,498,2022-06-04 17:56:41,2022/2Q,2022
8275,8275,Jaewon Ahn,1.5배속 빼지마세요,5,2,2022-06-04 22:04:06,2022/2Q,2022
1087,1087,얍량중1-3박?식,재밌는 만호ㆍ와 재밌는영화가 많아요 추천합니다,5,0,2022-06-04 23:09:23,2022/2Q,2022
8634,8634,현식이,"좀 많이 공개해주시면 안되나요? 계속보여주지 왜 굳이 볼수있는마지막날이러면서 삭제를하는거죠? 돈은 비싸게 받으면서 왜 망작시리즈는 삭제 안 하면서 쥬공이나 쥬월같은 명작시리즈를 공개을 안하고 삭제를 하는건지 모르겠어요 이거는 진짜 왜 사람들이 다른 스트리밍서비스로 넘어가려는지 알거같아요 저도 볼게 없어져서 넘어갈까 생각중이긴한데 만약 쥬공,쥬월,마블시리즈 미션임파서블등등많은 명작들 좀 공개 해주시고 삭제하는거 좀 적당히하세요 진짜...",1,0,2022-06-04 23:44:40,2022/2Q,2022
2054,2054,박재민,짱구극장판 27~ 28기 추가 해주시면 감사합니다.,5,0,2022-06-05 08:26:11,2022/2Q,2022
2357,2357,최용호,운영자님 스와트 시리즈좀 올려주세요 애니 신작도 많이 올려 주세요,5,0,2022-06-05 09:00:39,2022/2Q,2022
16689,16689,박승란,좋아요,5,0,2022-06-05 09:06:26,2022/2Q,2022
22832,22832,이지호,어쩔티비,1,0,2022-06-05 10:14:38,2022/2Q,2022
17026,17026,김현식,좋아효,4,0,2022-06-05 14:34:50,2022/2Q,2022
619,619,ᄎᄋᄌ,이해가 안됨 재미없어서 껐던컨텐츠는 보던 컨텐츠로 남아있고 계속 보는 드라마는 다음회 업로드된거 볼려고 할때마다 찾아야됨 재밌게 봤던 컨텐츠도 한~참 찾다 이름으로 검색해야 겨우 나오고 진짜 졸라 관심없는건 맨날 메인에나오고 시청자맞춤으로 포스터 바꾼다는거에 헛웃음나옴 지금 그게 중요하냐,3,1,2022-06-05 14:49:33,2022/2Q,2022
16614,16614,김주원,굳,5,0,2022-06-05 15:02:02,2022/2Q,2022
16447,16447,이지은,Good,5,0,2022-06-05 15:17:56,2022/2Q,2022
643,643,나이쓰으!,되게 좋을 것 같은데 가입을 못하고 있습니다. 페이코 결제수단을 추가해 주셨으면 합니다. 제발 부탁드립니다.,1,0,2022-06-05 16:08:14,2022/2Q,2022
1571,1571,안미경,재미 없고 로그아웃 이었어요 신고함,1,0,2022-06-05 16:09:40,2022/2Q,2022
16414,16414,임형빈,부탁해용.,5,0,2022-06-05 17:31:35,2022/2Q,2022
14598,14598,새로이tv,풍요 속에 빈곤,3,0,2022-06-05 18:07:55,2022/2Q,2022
11764,11764,pogili- 후박,로그인 안됨 계정는맞는데,1,0,2022-06-05 18:19:03,2022/2Q,2022
16631,16631,강정희,꿀잼,5,0,2022-06-05 19:20:04,2022/2Q,2022
16492,16492,착하게살자,굿굿굿,5,0,2022-06-05 20:08:09,2022/2Q,2022
16473,16473,YouToe천사,👍👍👍👍,5,0,2022-06-05 20:16:39,2022/2Q,2022
16413,16413,심은희,"Earthquake Boy Hanako-kun, please!",5,0,2022-06-05 20:50:39,2022/2Q,2022
668,668,안상범,로그인이 해제되서 다시 로그인하니 이미 가입했다며 다시 로그인 하라며 메인 화면으로 이동되네요,1,0,2022-06-05 23:10:22,2022/2Q,2022
742,742,김수진,"아이가 넷플릭스를 아주 좋아해요.근데 그 ""괴도조커""는 없나봅니다.ㅠㅠ그래서 별4개 입니다.",4,0,2022-06-06 02:12:56,2022/2Q,2022
16428,16428,박유현,좋아요,5,0,2022-06-06 12:26:42,2022/2Q,2022
22881,22881,강수현,나e스하네여,5,0,2022-06-06 16:24:44,2022/2Q,2022
16618,16618,대빵TV,최고,5,0,2022-06-06 18:13:16,2022/2Q,2022
4964,4964,라은수,디바이스 오류 개선좀 해주세요 제발,1,0,2022-06-06 19:10:13,2022/2Q,2022
5079,5079,마운틴추추,접속이 안돼고 자꾸 튕김;,1,0,2022-06-06 19:19:48,2022/2Q,2022
16476,16476,Woonsil Oh,This the best I can watch all my favorite movie and show,5,0,2022-06-06 20:14:13,2022/2Q,2022
1093,1093,더킹,저저번달부터 결제 취소했는데 왜자꾸 빠져나가는거에요 구질구질하게 디즈니로 갈아타려는데 제발좀 해지좀,1,0,2022-06-06 20:28:25,2022/2Q,2022
598,598,김밥,한국영화 발음이 안들리는 경우가 많아 자막을 틀때가 많이 있습니다. 그러나 자막을 틀면 행동지문까지 나와 몰입에 방해가 됩니다. 행동지문 없이 티빙처럼 자막만 나오면 훨씬 보기 편할 것 같습니다.,3,0,2022-06-06 20:40:25,2022/2Q,2022
16445,16445,신재성,좋아여,5,0,2022-06-07 05:09:27,2022/2Q,2022
22953,22953,좀비걸팬,수퍼소닉,5,0,2022-06-07 13:40:03,2022/2Q,2022
660,660,찌루TV,티비에서도 재생속도 조절해서볼수있으면좋을것같아요,4,0,2022-06-07 14:52:56,2022/2Q,2022
834,834,JH S,모바일로접속이 계속안되요,1,0,2022-06-07 18:23:46,2022/2Q,2022
16444,16444,정성찬,👍 good,5,0,2022-06-07 19:05:46,2022/2Q,2022
9480,9480,유정임,심야괴담회하고 범죄도시2도 나왔으면 좋겠네요!,5,0,2022-06-08 00:07:25,2022/2Q,2022
2285,2285,김준,"시리즈는 1,2,3,순서로 있어야되는데 2번이 없다던지 1번이 없다 던지 그런게 많아요... ㅡㅡ 제 5원소,다이하드,드림하이,같은 예전영화도없고 어중간한영화 뿐이네요? 최신도 아니고 그렇다고 옛날영화,애니,드라마,예능 도 아니라서... 그 흔한 김병만의 정글의 법칙도 없음 영화를 신청할려해도 문의 버튼 이 없어서 못하고 있는 실정.... 요기에라도 적습니다!! 제5원소,빽투더퓨쳐1,2,3화,다이하드1,2,3,4화?,로스트인스페이스영화(드라마 아님),1900년대 의천도룡기 영화(드라마아님)등등 생각나면 수정해서라도 올림",4,0,2022-06-08 01:14:05,2022/2Q,2022
16664,16664,디엘,꿀잼,5,0,2022-06-08 15:35:01,2022/2Q,2022
14342,14342,엄창순,종류가다양합니다,4,0,2022-06-08 19:08:00,2022/2Q,2022
5,5,박재현,어플 부분으로는 오프라인 저장 기능이 업데이트 돼서 와이파이 없는 공간에서도 컨텐츠를 시청할 수 있어서 젙말 좋았습니다. 외에 재밌는 영화나 드라마들과 자체적으로도 제작하는 컨텐츠들이 매주 나와 구독료가 하나도 아깝지 않습니다! 영화나 드라마를 자주 보는 사람들에게 이 어플을 추천합니다.,5,36,2022-06-08 19:56:49,2022/2Q,2022
2046,2046,subin Lim,오늘부터 신령님 OVA 원합니다. 1기 14화 2기OVA1~5 총6편 콘텐츠 업그레이드 해주세요!!! 티비에서도 1.25 1.5배속 가능하게 해주세요.. 저희 셋탑에서는 배속이 가능하더라구요. 애니때문에 두군데서 정액제 내고보는데.. 생각보다 많이 겹치고 해서 하나는 정리하고자 해요 제발 시청자 의견 반영해 주세요 참 주술회전 업로드예정 아주아주 환영합니다.,3,0,2022-06-08 20:38:03,2022/2Q,2022
16430,16430,샤샤,굿,5,0,2022-06-09 11:13:17,2022/2Q,2022
8304,8304,jsy,겁나 비싸요^^;,1,0,2022-06-09 17:14:09,2022/2Q,2022
747,747,조길현,17000원결제하고 빔으로 보려하는데 미러링막은이유가 뭐죠? 이럴거면 uhd가 의미가없네요,1,0,2022-06-09 20:45:24,2022/2Q,2022
11287,11287,김운용,역시 넷플릭스 굿,5,0,2022-06-09 22:20:01,2022/2Q,2022
575,575,소행성소행,안녕하세요 넷플릭스2년사용중인 초딩입니다 일단 넷플릭스에는 제가 좋아하는만화나 영화가 많아서 좋습니다 그리고 시청방법이쉬워서 어린이들도 보기 쉽습니다 그리고 부모님들이보는 계정에는 비밀번호를 걸수있어 어린이들이 19금이나 잔인한 영화를 보지않을수있어 좋습니다 단점이있다면 가끔씩 원하는프로그램이 안나올때정도? 입니다 긴글읽어주셔서 감사합니다,5,0,2022-06-09 23:11:21,2022/2Q,2022
16810,16810,상상초월,좋아요,5,0,2022-06-10 00:22:31,2022/2Q,2022
582,582,김선화,요즘 자주 로딩중으로만 뜨고 껐다켰다 제거했다설치했다 몇번을 하는지 모르겠네요. 돈 내고 사용하는건데 이런 불편한 점은 왜 개선이 안되나요.,3,0,2022-06-10 09:14:06,2022/2Q,2022
675,675,ᄂ.윤주,전 넷플릭스를 아빠랑 같이 사용하는데 드라마 보는걸 진짜 너무 좋아해서 맨날 보는데 핸드폰 바꾸고 다시 로그인을 하려고보니 이메일과 비밀번호를 제대로 입력해도 회원가입 완료가 얼마 안남았다는 창이 뜨고 로그인이 안돼요 왜이러는건가요?ㅠ,5,0,2022-06-10 09:57:57,2022/2Q,2022
8298,8298,이종찬,아주 좋아요,5,0,2022-06-10 10:57:58,2022/2Q,2022
5076,5076,운동,제발 분할화면 지원해주세요ㅜㅜ,1,0,2022-06-10 11:15:49,2022/2Q,2022
8303,8303,붕붕,모바일버전 왜이럼?,1,1,2022-06-10 13:31:20,2022/2Q,2022
2853,2853,Taekwoo Kim,자막 끄기도 없는 쓰레기앱,1,0,2022-06-10 14:09:41,2022/2Q,2022
2240,2240,J,넷플만의 콘텐츠 투자 좋습니다.,5,0,2022-06-10 16:41:51,2022/2Q,2022
838,838,soo jy,모바일 어플 로딩중이라고만 뜨고 재생 안되요,1,0,2022-06-10 18:04:24,2022/2Q,2022
4299,4299,이기,s20fe기종이제 지원 않하나,4,0,2022-06-10 18:07:37,2022/2Q,2022
23200,23200,김소연,좋음,5,0,2022-06-10 19:58:11,2022/2Q,2022
16530,16530,염태미,보통,5,0,2022-06-10 21:54:39,2022/2Q,2022
2118,2118,휘휘휘,5.7오류가 뭐에요. 영상 플레이가 안돼요.,3,0,2022-06-10 22:40:28,2022/2Q,2022
16419,16419,이종학,굿~~,5,0,2022-06-10 22:58:29,2022/2Q,2022
622,622,금색기사,넷플릭스를 사용하는 사람인데 왜 소드 아트 온라인 이 19+인것인가요?지금우리학교랑오징어게임 이더 잔인한데 그래서 일점 뺏습니다. 그래도 정말좋습니다.,4,0,2022-06-11 01:36:44,2022/2Q,2022
16619,16619,땅땅부동산,굿,5,0,2022-06-11 18:26:50,2022/2Q,2022
570,570,박동찬,다 좋은데 컨텐츠가 더 풍부했으면 좋겠습니다. 영어 애니쪽이 많이 부족한 것 같습니다. 심슨 기대했었는데 없습니다. 한국 예능 중에 알쓸신잡 혹은 그것구 비슷한 예능이 없는 것 같습니다.,4,0,2022-06-11 21:43:40,2022/2Q,2022
16431,16431,박부연,굿,5,0,2022-06-12 00:32:22,2022/2Q,2022
5805,5805,최일남,검열 + 가격 올림 + 볼거없음 타사 ott 많음 몇년쓰다 하차함,2,0,2022-06-12 03:00:07,2022/2Q,2022
2438,2438,이정훈,정말 너무 심해요 아직 한달이 안돼다고 돈내라고 하시니 지금당장 회 끝어야 될것깉아요 ㅠㅜ,3,0,2022-06-12 03:54:49,2022/2Q,2022
2571,2571,곽재환,퍼피구조대가있어서너무자주하고있어요감사합니다,1,1,2022-06-12 08:47:51,2022/2Q,2022
16534,16534,샌즈,좋와요,5,0,2022-06-12 13:14:15,2022/2Q,2022
740,740,grealise pioebxjs,이번에 썸네일이랑 전체적인 홈 분위기가 바뀐것 같은데 너무 맘에 들어요,5,0,2022-06-12 13:24:50,2022/2Q,2022
2315,2315,황윤숙,좋은 영화낮드라마가 많음,5,0,2022-06-12 14:46:08,2022/2Q,2022
1803,1803,김주아,보고 싶은 골 맘대로 볼수 있어서 재밌어요,5,0,2022-06-12 14:59:19,2022/2Q,2022
11768,11768,유지훈,안되노 되다가 안되다가 쓰레기 네,1,0,2022-06-12 15:32:22,2022/2Q,2022
8224,8224,도용준,수퍼소닉2가왜없서요!!!!!!!!!!!!!!!!!!!!!!!!!!!!!!!!!!!!!!!!!!!!!!!!!!!!!!!!!!!!!!!!!!!!!!!!!!!!!!!!!!!!!!!!!!!!!!!!!!!!!!!!!!!!!!!!!!!!!!!!!!!!!!!!!!!!!!!!!!!!!!!!!!!!!!!!!!!!!!!!!!!!!!!!!!!!!!!!!!!!!!!!!!그리고 원피스도왜없서요,1,0,2022-06-12 16:08:16,2022/2Q,2022
16438,16438,손하늬,좋음,5,0,2022-06-12 17:29:22,2022/2Q,2022
1652,1652,Jaewon Kim,와이파이 로만. 업데이트 해야만. 하나요,1,0,2022-06-12 18:18:03,2022/2Q,2022
2013,2013,김재호,전에는 있던 영화가 안 떠요 그리고 찾는 영화마다 없어요...,2,0,2022-06-12 19:13:12,2022/2Q,2022
5009,5009,sehoon chung,광고가없다,5,0,2022-06-12 20:02:23,2022/2Q,2022
1,1,nhi 03,"요즘 보고 싶은 콘텐츠,흥미로운 콘텐츠가 여럿 들어와서 정말 좋습니다! 그런데 혹시 휴대폰 기준으로 화면비율 조절이라던지 세로로 볼수 있다던지 조정은 불가능할까요? 요즘 정말 잘 쓰고있는지라 이런 사소한 부분이 너무 신경쓰여서요.. 제가 산책을 하며 여러 콘텐츠를 틀어놓고 휴대폰을 세로로 들고 산책을 하는데 화면이 전체화면으로 설정 되있어 그런지 휴대폰을 들때 불편함이 있어서 한번 적어봅니다.. 다음 패치때 이 부분 한번 확인하고 개선 방안이 나오기를 바라겠습니다! 좋은앱 만들어주시고 여러 컨텐츠들을 들여와 주셔서 너무 감사합니다!",5,259,2022-06-12 21:00:08,2022/2Q,2022
5526,5526,지남주,아주 좋아요,5,0,2022-06-12 21:43:53,2022/2Q,2022
16448,16448,김종만,신세계,5,0,2022-06-12 22:25:46,2022/2Q,2022
562,562,강은별,블랙클로버 3기빨빠ㄹ리!! 넷플릭스는 뭐가 많은데 왜 끝까지 없는거임... 한번 내놨으면 마지막 화 끝편까지 있었으면 좋겠음...흐름이 끊김... 암튼 블랙 클로버3기 빨리 좀 주세요 이런거 보려고 넷플 요금내는데 거의 끝까지 없이 흐름끊기는게 많음... 다른곳에서 요금내고 봐야되는 일이 생김... 이왕이면 다 주세요ㅡ,4,2,2022-06-12 23:38:21,2022/2Q,2022
2051,2051,아샤,"저 드라마 정말 좋아하거든요? 근데 제가 원하는 드라마는 다 없어서요ㅜㅜㅜㅜ 혹시 녹두전이나 별똥별, 응답하라1997, 여신강림, 해를 품은 달, 구그달 같은 거 올려주시면 안 되나요?",3,2,2022-06-12 23:57:53,2022/2Q,2022
5082,5082,테라코타,2배속좀 제발 만들어주세요 1.5가 답답합니다,1,1,2022-06-13 01:21:02,2022/2Q,2022
7998,7998,김석래,잘사용하고있습니다.,5,0,2022-06-13 12:06:19,2022/2Q,2022
14604,14604,이영섭,영섭 신용카드 💳 돈을내요,1,0,2022-06-13 12:18:16,2022/2Q,2022
692,692,min ee,좋아요. 영어공부용으로도 사용하고 있어서 한글과 영어 자막을 동시에 볼 수 있다면 더 좋을 것 같아요.,5,2,2022-06-13 12:56:25,2022/2Q,2022
17144,17144,임채윤,구~~ㄷ,4,0,2022-06-13 14:05:31,2022/2Q,2022
14600,14600,신광철,최신영화가 적어요,4,0,2022-06-13 16:01:11,2022/2Q,2022
574,574,J J,갤럭시 노트20 사용자인데 화면이 컴컴해서 볼수가 없네요 PC로 보면 괜찮은데 모바일로 보면 화면이 너무 시컴해요 이거 예전부터 고질적인 문제인듯한데 고칠 의지가 없는건가요 능력이 안되는건가요? 몇년간 기능 추가도 없고 직원들이 월급만 받고 일은 안하나요? 몇달 밝은 화면 나오다가 다시 어두워서 볼수가 없네요 진짜 돈만 받아먹고 당신들 일 안합니까?,5,112,2022-06-13 16:44:17,2022/2Q,2022
5513,5513,김영철,결제만되고 안됩니다,1,0,2022-06-13 19:17:03,2022/2Q,2022
16615,16615,생각의 여행,좋아요,5,0,2022-06-13 19:20:19,2022/2Q,2022
2466,2466,니팅시에르,열기를 누르면 구글 로그인이 나오는데 다른 아이디로 로그인하려면 어떻게 해야하나요...?,5,0,2022-06-13 19:48:44,2022/2Q,2022
8302,8302,차정우,업데이트좀 해주세요,3,0,2022-06-13 21:49:55,2022/2Q,2022
16443,16443,Prod. J,가격내려,1,0,2022-06-13 22:24:41,2022/2Q,2022
15834,15834,강혁준,볼거그닥업슴,5,0,2022-06-14 01:16:28,2022/2Q,2022
1567,1567,뽁뽁이,버그안내:가끔 회차내용이 열리지않음,3,0,2022-06-14 06:59:00,2022/2Q,2022
14340,14340,김정숙,정준헤어클럽,5,0,2022-06-14 08:24:57,2022/2Q,2022
8174,8174,원성,"밴드오브브라더스, 더 퍼시픽, 씰팀 추가 해주세요ㅠㅠㅠㅠ",5,0,2022-06-14 14:27:59,2022/2Q,2022
16759,16759,꾸꾸짹짹,좋아요,5,0,2022-06-14 17:36:02,2022/2Q,2022
2043,2043,정경수,재미있고 좋은 영상들이 많네요..,5,0,2022-06-14 18:32:44,2022/2Q,2022
16601,16601,강태욱,굿,5,0,2022-06-14 21:29:07,2022/2Q,2022
22706,22706,어민아,"I wish there was a double speed, so I want to get over the boring part quickly.",2,0,2022-06-15 12:39:20,2022/2Q,2022
16490,16490,김상록,굿...,5,0,2022-06-15 15:16:04,2022/2Q,2022
621,621,Heaven,모바일에서 시청중인 목록에서 '줄 삭제' 기능이 작동을 안 해요 빨리 고쳐주세요. 빨리요.,4,0,2022-06-15 18:51:36,2022/2Q,2022
16452,16452,조세운,👍 👍 👍,5,0,2022-06-15 20:01:45,2022/2Q,2022
2056,2056,김미애,완전 좋아용 행복하게잘보고이쏘요,5,0,2022-06-15 20:20:02,2022/2Q,2022
16425,16425,보석인테리어김민수,좋아요,4,0,2022-06-15 20:43:37,2022/2Q,2022
8003,8003,이서호,애니가 너무없다....,3,0,2022-06-15 21:08:26,2022/2Q,2022
2045,2045,Seung ju Roh,아니 동시접속이 어쩌구저쩌구하는데 뭔말인지몰르겠어서요,3,0,2022-06-15 21:52:38,2022/2Q,2022
5088,5088,임토이로,너무 최고에요!!,5,0,2022-06-15 22:20:15,2022/2Q,2022
744,744,I's,언어가 왜바뀌는거요? 스페인어로바뀌면 우째알아묵어요..환장하겄네..,1,0,2022-06-15 22:55:29,2022/2Q,2022
8301,8301,최홍민,로그인이 힘들다,3,0,2022-06-16 19:17:13,2022/2Q,2022
2704,2704,곰도리링,여러가지 영화가 있고 끝까지 볼수있어서 좋은데요 있는 영화가 아 나올때가 있습니다ㅠ,4,0,2022-06-16 19:25:47,2022/2Q,2022
2753,2753,유지훈,제발 스마트폰에서도 동시자막 좀 보여줘요ㅜㅜ,5,0,2022-06-16 21:14:46,2022/2Q,2022
4531,4531,아이스,애니메이션을 더 추가해주세요,5,0,2022-06-17 02:18:53,2022/2Q,2022
16427,16427,정인수,좋아요,5,0,2022-06-17 11:42:12,2022/2Q,2022
16429,16429,JUN HO Kwak,굿,5,0,2022-06-17 12:41:37,2022/2Q,2022
23323,23323,Diego Yoon,좋아용,5,0,2022-06-17 14:52:20,2022/2Q,2022
611,611,물고기fish부계부계,TV로 매달 결제해서 보고있는데 갑자기 오류같은게 생겨서 0.05초에 1번씩 멈췄다 재생됬다를 반복해요. 빠른수정 부탁드립니다.,2,0,2022-06-17 23:19:28,2022/2Q,2022
16559,16559,이동흔,좋아요~,4,0,2022-06-18 09:31:46,2022/2Q,2022
4831,4831,안병국,볼만한 내용이 적다,1,0,2022-06-18 09:52:28,2022/2Q,2022
11357,11357,안도성,재밌게 신나는 영화,4,0,2022-06-18 10:31:33,2022/2Q,2022
16434,16434,Jeonee Hwang.b,Net/f is Good'9,5,0,2022-06-18 19:23:46,2022/2Q,2022
1868,1868,안재현,가격면이 아니라 봤던 작을 줄에서 삭제 하려 하는데 안 없어져요;; 그럼 삭제 기능 왜 만들어요?,1,1,2022-06-18 22:03:30,2022/2Q,2022
16616,16616,김미회,좋아요,5,0,2022-06-19 10:42:36,2022/2Q,2022
564,564,전기옥,버그 있어요. ex) A영화를 보다가 앱 종료 B영화 클릭하면 A영화가 재생됨 다시 B영화 클릭하면 정상재생 처음 한번씩만 이런 현상이 있네요. 매번 그런건 아니고 50프로정도 확률로 이런 증상이 있습니다. 모바일에서요.,4,0,2022-06-19 13:11:53,2022/2Q,2022
2289,2289,도현김,진짜 로그인해도 뒤에 시간이 없다 이렇게만뜨고 뭐하자는건지...진짜 화나서 폰던질뻔했음 이거 진짜 뭐가좋다고 10억이 넘는지 그냥 사라져두 됨,1,0,2022-06-19 17:03:57,2022/2Q,2022
16464,16464,박효재,굿,5,0,2022-06-19 17:10:20,2022/2Q,2022
16450,16450,박철규,ㅡ푸,4,0,2022-06-19 17:58:37,2022/2Q,2022
16432,16432,*요구르트,굿,5,0,2022-06-19 22:04:30,2022/2Q,2022
5004,5004,witch jeon,5.10오류 계속됨,1,0,2022-06-19 22:34:24,2022/2Q,2022
14525,14525,나도된다,더?고급스럽게?만들자,3,0,2022-06-20 00:49:03,2022/2Q,2022
614,614,길선희,바빠서 못보는 드라마영화 예능을 언제어디서나 볼수있어서 정말 즐거운날을보내고있어요 감사합니다 우울증같은거 있을수없더라구요,5,0,2022-06-20 09:03:56,2022/2Q,2022
16420,16420,이석모,만족합니다,5,0,2022-06-20 11:46:34,2022/2Q,2022
16442,16442,김영애,애청자입니다,4,0,2022-06-20 14:39:45,2022/2Q,2022
732,732,TARY,화질이 너무낮아서 화면이 이상해요 화질조정하는거좀 만들어주세요,1,0,2022-06-20 18:12:26,2022/2Q,2022
11350,11350,김홍규,만나호나가재미어요,5,0,2022-06-20 19:20:19,2022/2Q,2022
16575,16575,김광일,굿!!,5,0,2022-06-20 19:29:33,2022/2Q,2022
2803,2803,Sangmuk OH,맴버십 변경 어디서해서 찾아도 없고 돈벌기 참 쉽죠 당신들,1,0,2022-06-20 19:42:57,2022/2Q,2022
1630,1630,박준혁,영상이런거는 좋은데 안보고싶은 영상 삭제를 했는데 안되요,3,0,2022-06-20 21:11:17,2022/2Q,2022
1866,1866,하니파람,화질이 왜 이리 구리죠? 고화질이 아닌데요,3,1,2022-06-20 21:44:34,2022/2Q,2022
16581,16581,w orst,굿,5,0,2022-06-20 22:00:58,2022/2Q,2022
8089,8089,박상재,재미 있어요,5,0,2022-06-20 22:02:19,2022/2Q,2022
9006,9006,강석준,업데이트 기대 댐,5,0,2022-06-20 23:03:03,2022/2Q,2022
7768,7768,주슬기,우리나라 것이 아니라서 맘에 안듦,3,0,2022-06-20 23:13:44,2022/2Q,2022
16435,16435,정기원,굿,4,0,2022-06-21 00:40:42,2022/2Q,2022
1869,1869,정회국,안돼요 왜안들어가지나요 삭제하고 다시하는데ㅜ,1,0,2022-06-21 01:12:38,2022/2Q,2022
0,0,vgn0509,"미드, 영화 보면서 영어공부용으로 잘 사용하고 있습니다. 다만, 모바일에서 뒤로가기가 10초 밖에 안 되는 점이 불편합니다. 그래서 '곰플레이어'처럼 뒤로가기를 1초, 3초, 5초 등으로 세세하게 설정 가능했으면 좋겠습니다. 혹은 'KMPlayer' 어플처럼 손가락으로 드래그하면 몇초~몇십초 전으로 뒤로가기 가능하게끔 업데이트되면 좋을 듯합니다. 그러면 넷플릭스로 미드, 영화 보면서 저 포함 영어공부 하는 분들이나 일반 시청자들한테도 굉장히 큰 도움이 될 것 같습니다. 감사합니다.",4,318,2022-06-21 09:31:49,2022/2Q,2022
11567,11567,심예헌,두둥! 너무 좋네요,5,0,2022-06-21 22:15:01,2022/2Q,2022
16467,16467,비허니,굿,5,0,2022-06-21 22:17:58,2022/2Q,2022
4818,4818,박영빈,청불 애니에 모자이크 좀 없애소 몰입도 계속 깨짐,3,0,2022-06-22 00:49:00,2022/2Q,2022
5412,5412,이명진,생각보다 어렵네요,1,0,2022-06-22 04:42:52,2022/2Q,2022
4437,4437,이아랑,아뉘 이거 피비와 함께 배워요 가없음..🥀🥀,2,0,2022-06-22 16:29:04,2022/2Q,2022
648,648,김은희,요 몇칠동안 재생시키면 로드중 화면에서 넘어가질 않아요 확인바랍니다,4,0,2022-06-22 17:59:02,2022/2Q,2022
735,735,GM나성수,와 결제오류나서 문의넣었는데 처리 속도 진짜 빠르네요 ㄷㄷㄷㄷ,5,0,2022-06-22 18:52:30,2022/2Q,2022
16580,16580,오교식,괜찮아요,5,0,2022-06-22 21:05:48,2022/2Q,2022
1870,1870,김상훈,블랙클로버 3기가 없어서 실망이네요,5,0,2022-06-23 05:30:03,2022/2Q,2022
16433,16433,박정현,굿,5,0,2022-06-23 10:12:35,2022/2Q,2022
6,6,윤병진,영상 재생시 뒤로가기(10초) 아이콘과 화면 밝기조정 아이콘이 곁쳐서 뒤로가기(10초) 아이콘 클릭이 정상적으로 사용할 수 없고 불편함이 있습니다. 수정 부탁드려요~ 참고로 기종은 갤럭시폴드3 입니다.,4,8,2022-06-23 11:17:46,2022/2Q,2022
16578,16578,돌베,굳,5,0,2022-06-23 13:00:37,2022/2Q,2022
11306,11306,hyojin jang,다양한영화가있어서너무좋아요,5,0,2022-06-23 15:39:47,2022/2Q,2022
8984,8984,조은솔,"호리미야 올려주세요!!!프리랑 흑집사,기븐 잔부다다아아아ㅏ앙!!!!",3,0,2022-06-23 17:29:29,2022/2Q,2022
8085,8085,이병운,너무좋아요,5,0,2022-06-23 17:32:06,2022/2Q,2022
4616,4616,김연비연비,진짜 이건 설명이 필요없이 완전 강추!,5,0,2022-06-23 21:37:49,2022/2Q,2022
1872,1872,mr as,요즘 넷플릭스 주식도 떨어지고 볼것도 없어요 깔지마세요,1,0,2022-06-24 00:09:59,2022/2Q,2022
16569,16569,한인수,볼게없음,1,0,2022-06-24 07:02:03,2022/2Q,2022
2852,2852,박은지,재미있는드라마넘많아요,5,0,2022-06-24 07:15:38,2022/2Q,2022
16567,16567,조규태,좋아,5,0,2022-06-24 10:50:25,2022/2Q,2022
5108,5108,김아영,지금 플래시 정주행 중인데 시즌6까지만 있고 시즌7이랑 시즌8은 언제 볼수 있나요!!!!!!!!!!!!,3,0,2022-06-24 12:12:59,2022/2Q,2022
23010,23010,정형석,굿,5,0,2022-06-24 12:22:16,2022/2Q,2022
2079,2079,담랑_DAMRANG,아니 왜 Netflix나오고 멈추냐고요 이것때문에 1시간 날라갔네 하지마느재밌음,4,0,2022-06-24 14:50:40,2022/2Q,2022
16437,16437,신희철,좋음,5,0,2022-06-24 15:29:53,2022/2Q,2022
608,608,서혜창,"일단 좋았던 점은 제가 많이 보는 영상 위주로 올라와서 좋았습니다 다만, 좋았던 영상 중에 몇 개는 없어서 그건 좀 아쉽더라고요",4,0,2022-06-24 18:11:25,2022/2Q,2022
831,831,한정서,영어자막과 한글자막을 동시에 볼 수 있게 해주세요!,4,0,2022-06-24 19:37:07,2022/2Q,2022
17436,17436,신형건,최고 👍,5,0,2022-06-24 21:49:21,2022/2Q,2022
15787,15787,소고기,이..이게뭐노..,4,0,2022-06-24 22:26:49,2022/2Q,2022
14952,14952,박각시,Pc사상 주입 플랫폼,1,0,2022-06-24 23:56:45,2022/2Q,2022
16421,16421,김준기,잘볼게,4,0,2022-06-25 01:19:49,2022/2Q,2022
8082,8082,안태영,마계학교 이루마군 2기 출시해주세요,5,0,2022-06-25 02:52:22,2022/2Q,2022
16621,16621,uri Y,굿,5,0,2022-06-25 09:19:55,2022/2Q,2022
11002,11002,정유준,자주애용합니다,5,0,2022-06-25 10:52:26,2022/2Q,2022
2396,2396,윤민기,지금보다 더 많은 국내 컨텐츠가 추가되었으면 좋겠습니다.,5,0,2022-06-25 14:13:47,2022/2Q,2022
593,593,박경희,잘 보고 있어요 가정에서 KT기기지니와 넷플릭스 신청하여 보고 있는데 가정TV로 볼때도 1.5배 재생과 같이 빠르게 보기가 있으면 너무 좋을것 같습니다 시간절약하려고 일부러 모바일로 보고 있어요,5,0,2022-06-25 15:29:53,2022/2Q,2022
4828,4828,안명희,접속이 안되네요 고쳐주세요,2,0,2022-06-25 19:32:48,2022/2Q,2022
16417,16417,주은택,ㅍㄴㄱ늑느,5,0,2022-06-26 02:56:05,2022/2Q,2022
16498,16498,장서원,♡,5,0,2022-06-26 03:40:13,2022/2Q,2022
609,609,티거곰도리,안녕하세요 요즘에 넷플릭스를 잘 보는 티거 곰돌이입니다 요즘에는 Netflix (넷플릭스)를 잘 보고 있는데요 하지만요 이 넷플릭스 앱에서는요 문제가 있는데요 조금 빡치시겠지만요 들어주시겠나요? 지금 제가 문제 점을 이야기 해 드릴게요 제작자님^-^ 첫번째는요 조금씩은 에러가 발생을 하네요? 그래서요 제가 조금 중간에 중요한 (?) 부분을 못 봐서요 처음부터 봐야 해서요 이 부분은 고쳐 줬으면 다시 편하게 볼수 있을 것 같아요! 그리고요 넷플릭스 제작자님! 두번째는요 요즘에 제가 Netflix (넷플릭스) 자주 보는데요 근데 말이죠 제가 봤는데 이상한게 계속 넷플릭스 앱이 안 들어 가져서요 ㅠㅠ 이 부분만 고쳐 드리시면요 제작자님 제가 아주아주 편한하게요 즐겁게 넷플릭스 Netflix를 볼수 있어요! 이 부분만 고쳐 드리시면요 앱 평가 하기에서요 사람들이 많이많이요 이 앱을 설치해서 평가를 할껀데요 제작자님도 더 기쁘실거에요! 제작자님 코로나 조심하시고요 걸리지 마시고요 바이바이,3,0,2022-06-26 09:28:49,2022/2Q,2022
16418,16418,이훈열,"ㅡ닌ㆍr2,d",2,0,2022-06-26 10:55:27,2022/2Q,2022
664,664,루미티비,이젠 유저도 안받나요... 계속 들어갈려고 하는데 로딩중만 나오고 나갔다 왔다 반복했는데 안되서 왔습니다...,1,0,2022-06-26 13:46:37,2022/2Q,2022
7770,7770,제일호,일본 애니 많이 부탁드립니다,5,0,2022-06-26 13:55:04,2022/2Q,2022
2,2,윤서영,"전체적으로 잘 보고있긴하지만 불편한 점이 있어 건의드립니다. 멤버쉽 해지하고나서 나중에 새로운 프로그램 나올때 어떤게있는지 멤버쉽이없더라도 볼수있어야 재가입을 할 가능성이 높아지지않을까요? 가입해야지만 어떤 컨텐츠가있는지 볼수있으니 구매여부를 결정하기가 어렵습니다. 웨이브, 티빙, 왓챠는 이용권없이도 컨텐츠를 볼수 열어놓는데 그런점이 불편하네요. 이용권 해지하고나서도 컨텐츠종류를 볼수있게 앱을 좀 개편해주세요.",3,276,2022-06-26 14:56:13,2022/2Q,2022
571,571,조윤경,아까는 잘만들어가졌는데 왜갑자기 또 안들어가지나요 앱이 ㅠㅠㅠ정기결제비용은 가격올려놓고 앱은 자꾸가끔안들어가지나요 데이터도 와이파이도 잘되는데 이앱만 오류가 ㅠㅠ안들어가져요 ㅠ,1,155,2022-06-26 15:17:17,2022/2Q,2022
6457,6457,진레베카,잘 시청하고 있어요,5,0,2022-06-26 15:56:56,2022/2Q,2022
14240,14240,핸키,이집트 왕자 자막에 '나의 기적을...' 대사의 나의 이적 이라고 되어 있습니다. 오타 수정 해주세요. 47:10~48:00,4,0,2022-06-26 18:00:47,2022/2Q,2022
16440,16440,CHANG HWAN JANG,좋으디,5,0,2022-06-26 19:53:57,2022/2Q,2022
610,610,david LEE,"제가 진짜 좋와하는 영화가 있는데 그걸 게속 못보다가,드디어 넷플릭스 를 찾아서 그영화 계속 보구있구여 넷플에 제가 푹빠져 버렀네요!넷플 만들어주신분 감사해용!",5,0,2022-06-26 20:12:05,2022/2Q,2022
5923,5923,이동수,볼게 별로 없다 비싸다,1,0,2022-06-26 21:04:13,2022/2Q,2022
7813,7813,김소정,좋아요! 그런데 좋아요,5,0,2022-06-26 21:19:38,2022/2Q,2022
733,733,김다은,프레임이 떨어지는 편들 이 있어 불편합니다,1,5,2022-06-26 21:36:03,2022/2Q,2022
2881,2881,마산남,요즘 너무 잘보고있습니다.,5,0,2022-06-27 00:56:34,2022/2Q,2022
618,618,맘호박,매달 자동으로 빠져나가는 돈 만큼만 보는 즐거움도 주시길.. 너무 없어도 없다.,1,0,2022-06-27 01:03:03,2022/2Q,2022
4825,4825,Edward*,가격이 너무 비쌈,1,0,2022-06-27 13:00:30,2022/2Q,2022
16449,16449,김대성,비싸서,1,0,2022-06-27 16:30:05,2022/2Q,2022
4829,4829,노승현,재밌는거ㅠ많아요,5,0,2022-06-27 17:35:14,2022/2Q,2022
16426,16426,이기덕,괜찮아요,3,0,2022-06-27 18:28:48,2022/2Q,2022
16422,16422,신경미,굿굿굿,5,0,2022-06-27 19:57:38,2022/2Q,2022
734,734,ssunae Han,버그가있다고 캐시삭제하래서 했는데도 앱이안열려요,1,0,2022-06-27 20:31:16,2022/2Q,2022
11372,11372,김상기,마음에 들어요,4,0,2022-06-27 21:12:14,2022/2Q,2022
16597,16597,jupil cha,대박 굿,5,0,2022-06-27 23:31:04,2022/2Q,2022
16560,16560,깨비9524,메롱ㅋㅋㅋ,5,0,2022-06-28 00:39:56,2022/2Q,2022
16600,16600,_ StriePer,굿,5,0,2022-06-28 03:02:31,2022/2Q,2022
1022,1022,쫑,구독료가 계속 올라 보기 부담스럽습니다..,2,0,2022-06-28 03:14:18,2022/2Q,2022
6308,6308,대금이짱,잘보고있어요,5,0,2022-06-28 17:29:15,2022/2Q,2022
644,644,신선한과일,"너무 편하고, 비싸고, 저렴하고, 너무 재밌어요. 사랑해요.",5,0,2022-06-28 18:22:09,2022/2Q,2022
14253,14253,윤경희,으 ㅡㅡㅡㅡ,5,0,2022-06-28 19:44:33,2022/2Q,2022
1002,1002,선우영교,고전 작품들을 더 많이 들여왔으면.,4,0,2022-06-28 19:47:48,2022/2Q,2022
2856,2856,Oikos Park,왜 접속이 안될까요ㅡ.??,1,0,2022-06-28 20:44:21,2022/2Q,2022
8718,8718,마종원,넷플릭스에 나루토 더빙 나왔으면 좋겠습니다 보고 계신다면 부탁드려요,5,0,2022-06-28 21:17:44,2022/2Q,2022
14499,14499,이동환,더많은 영화가 보고싶어요,5,0,2022-06-28 23:21:34,2022/2Q,2022
16405,16405,Chung il Lee,Stuck at the start up screen. Please figure out this bug,1,0,2022-06-28 23:56:39,2022/2Q,2022
819,819,귤탱,넥플릭스가 나오지 별로 안됀 작품은 별로 없지만 그렇다 한들 너무 없는 건 아니기에 믿고 볼 수 있는 그러한 앱이다.,5,1,2022-06-29 00:41:40,2022/2Q,2022
588,588,Jin chul Park,간편하게 구성되어있고 접근성이 편리하게 구성되어있네요. 강추^^,5,0,2022-06-29 02:22:17,2022/2Q,2022
16409,16409,Nhung Tran,Không vào netflix,1,0,2022-06-29 02:34:41,2022/2Q,2022
16513,16513,윤대기,굿,5,0,2022-06-29 08:08:38,2022/2Q,2022
2290,2290,3301김아영,아니 멤버십 해지 했는데 왜 결제가 된거죠? 왜?,1,0,2022-06-29 08:15:05,2022/2Q,2022
16436,16436,호랑이,굿,4,0,2022-06-29 09:21:45,2022/2Q,2022
579,579,sunny j,다른 OTT는 티비에서 종료할때 이전 버튼 누르면 종료 확인창이 바로 뜨는데 왜 넷플릭스는 꼭 종료하기를 굳이 찾아가게 만드나요? 이거 꼭 좀 개선해주면 좋겠네요,3,0,2022-06-29 13:04:48,2022/2Q,2022
738,738,뷁,제가 보고싶은 드라마가 많이 없어서 아쉽네요 그래도 나머지 것들 잘 볼게요,4,0,2022-06-29 15:45:58,2022/2Q,2022
16441,16441,울기사,그그극,4,0,2022-06-29 16:16:42,2022/2Q,2022
16406,16406,지성Tv V,넘좋아,5,0,2022-06-29 19:25:05,2022/2Q,2022
16408,16408,틀굿맨노,굿.....,5,0,2022-06-29 19:58:34,2022/2Q,2022
617,617,JustForYou,잘 사용하고있는데 보고싶은게 없는경우가 있더라고요 귀멸의 칼날 2기 등등,2,0,2022-06-29 20:17:40,2022/2Q,2022
595,595,배주연,다쳐서 출근 못 하는 와중에 못 본 드라마와 예능 몰아서 보고 있어요. 넘 좋아요.,5,0,2022-06-29 21:38:52,2022/2Q,2022
8090,8090,양고기김,비추 영화업뎃안되고 비쌈,1,0,2022-06-29 22:00:20,2022/2Q,2022
680,680,강경희,넷플릭스안에서 포켓몬스터w를 보고 있는데 처음에 들어갈때는 에피소드 100개라고 뜨는데 실제로는 80개 밖에 없네요. 빨리 보게 해주세요.8282,2,0,2022-06-30 00:38:55,2022/2Q,2022
753,753,서승희,애니 많이 보고 있습니다 근데 보고싶은 애니 빼고 모든 애니가 있네요,5,0,2022-06-30 00:48:55,2022/2Q,2022
2076,2076,레네 lene,영화나 드라마는 괜찮은게 많고 좋은데 성인 인증이 필요한 부분에서 이미 본인 걸로 인증된 전화번호는 한 번 인증됐기 때문에 안된다 라는게 좀.. 말이 안된다고 생각해요,3,0,2022-06-30 06:14:01,2022/2Q,2022
5097,5097,월향선비,언제나 만족~~신규컨테츠가 더생겻슴~~,5,0,2022-06-30 10:58:18,2022/2Q,2022
11563,11563,김지은,혹시 여기 신비아파트 업댓 되나요..?제가 보고싶은데 볼 방법없어서....ㅜ,5,0,2022-06-30 14:05:28,2022/2Q,2022
2583,2583,테리우스페르세우스,매우 유익하고 재미있어요,5,0,2022-06-30 14:47:06,2022/2Q,2022
679,679,문효,여태 잘보고있었는데 언젠가부터 자막.소리만 나오고 화면이 안나옵니다 머가문제일까요?,2,0,2022-06-30 15:11:00,2022/2Q,2022
23324,23324,김삼수,아이,5,0,2022-06-30 16:45:07,2022/2Q,2022
2860,2860,모정효,근데 너무 재밌어요 ?,5,0,2022-06-30 20:36:55,2022/2Q,2022
2862,2862,헬로비버,이정도면 혜자 아직까지,5,0,2022-06-30 22:15:36,2022/2Q,2022
